encountertp_admintp_admin-- phpMyAdmin SQL Dump
-- version 4.2.7
-- http://www.phpmyadmin.net
--
-- Host: localhost
-- Generation Time: 2015-11-24 22:56:33
-- 服务器版本： 5.5.38-0ubuntu0.14.04.1-log
-- PHP Version: 5.5.9-1ubuntu4.11

SET SQL_MODE = "NO_AUTO_VALUE_ON_ZERO";
SET time_zone = "+00:00";


/*!40101 SET @OLD_CHARACTER_SET_CLIENT=@@CHARACTER_SET_CLIENT */;
/*!40101 SET @OLD_CHARACTER_SET_RESULTS=@@CHARACTER_SET_RESULTS */;
/*!40101 SET @OLD_COLLATION_CONNECTION=@@COLLATION_CONNECTION */;
/*!40101 SET NAMES utf8 */;

--
-- Database: `tp_admin`
--

-- --------------------------------------------------------

--
-- 表的结构 `xy_access`
--

CREATE TABLE IF NOT EXISTS `xy_access` (
  `role_id` smallint(6) unsigned NOT NULL,
  `node_id` smallint(6) unsigned NOT NULL,
  `siteid` tinyint(4) NOT NULL DEFAULT '1' COMMENT '站点ID',
  `request_method` tinyint(1) unsigned NOT NULL DEFAULT '0' COMMENT '请求方式；0: All, 1: Get 2: Post'
) ENGINE=InnoDB DEFAULT CHARSET=utf8;

--
-- 转存表中的数据 `xy_access`
--

INSERT INTO `xy_access` (`role_id`, `node_id`, `siteid`, `request_method`) VALUES
(2, 1, 1, 0),
(2, 1, 2, 0),
(2, 3, 1, 0),
(2, 5, 1, 0),
(2, 5, 2, 0),
(2, 11, 1, 1),
(2, 12, 1, 1),
(2, 16, 1, 0),
(2, 17, 1, 1),
(2, 19, 1, 0),
(2, 21, 1, 1),
(2, 22, 1, 1),
(2, 25, 1, 0),
(2, 32, 1, 1),
(2, 32, 2, 0),
(2, 41, 1, 0),
(2, 43, 1, 0),
(2, 43, 2, 0),
(2, 45, 1, 1),
(2, 45, 2, 0),
(2, 46, 1, 1),
(2, 46, 2, 0),
(2, 47, 2, 0),
(2, 53, 1, 0),
(2, 53, 2, 0),
(2, 58, 1, 0),
(2, 58, 2, 0),
(2, 59, 1, 0),
(2, 59, 2, 0),
(2, 62, 1, 0),
(2, 63, 1, 0),
(2, 66, 1, 0),
(2, 66, 2, 0),
(2, 68, 1, 0),
(2, 69, 1, 0),
(2, 114, 1, 0),
(2, 115, 1, 0),
(2, 116, 1, 1),
(2, 117, 1, 1),
(2, 196, 1, 0),
(2, 196, 2, 0),
(2, 245, 1, 0),
(2, 245, 2, 0),
(2, 246, 1, 0),
(2, 246, 2, 0),
(2, 247, 1, 0),
(2, 247, 2, 0),
(2, 248, 1, 0),
(2, 248, 2, 0),
(2, 249, 1, 0),
(2, 249, 2, 0),
(2, 253, 1, 0),
(2, 254, 1, 1),
(2, 254, 2, 0),
(2, 255, 1, 1),
(2, 255, 2, 0),
(2, 256, 2, 0),
(2, 257, 1, 0),
(2, 257, 2, 0),
(2, 258, 1, 0),
(2, 258, 2, 0),
(2, 259, 1, 0),
(2, 259, 2, 0),
(2, 260, 1, 0),
(2, 260, 2, 0),
(2, 261, 1, 0),
(2, 261, 2, 0),
(2, 262, 1, 0),
(2, 262, 2, 0),
(2, 263, 1, 0),
(2, 263, 2, 0),
(2, 264, 1, 0),
(2, 264, 2, 0),
(2, 265, 1, 0),
(2, 265, 2, 0),
(2, 266, 1, 0),
(2, 266, 2, 0),
(2, 267, 1, 0),
(2, 267, 2, 0),
(2, 268, 1, 0),
(2, 268, 2, 0),
(2, 269, 1, 0),
(2, 269, 2, 0),
(2, 271, 1, 0),
(2, 273, 1, 1),
(2, 275, 1, 1),
(2, 276, 1, 0),
(2, 276, 2, 0),
(2, 277, 1, 1),
(2, 277, 2, 0),
(2, 278, 1, 1),
(2, 278, 2, 0),
(2, 279, 2, 0),
(2, 280, 1, 0),
(2, 280, 2, 0),
(2, 281, 1, 0),
(2, 281, 2, 0),
(2, 282, 1, 1),
(2, 282, 2, 0),
(2, 283, 1, 1),
(2, 283, 2, 0),
(2, 284, 2, 0),
(2, 285, 1, 0),
(2, 285, 2, 0),
(2, 286, 1, 0),
(2, 286, 2, 0),
(2, 287, 1, 0),
(2, 287, 2, 0),
(2, 288, 1, 0),
(2, 288, 2, 0),
(2, 289, 1, 0),
(2, 289, 2, 0),
(2, 290, 1, 0),
(2, 290, 2, 0),
(2, 291, 1, 0),
(2, 291, 2, 0),
(2, 293, 1, 0),
(2, 294, 1, 1),
(2, 295, 1, 0),
(2, 296, 1, 1),
(2, 297, 1, 0),
(2, 300, 1, 0),
(2, 300, 2, 0),
(2, 301, 1, 0),
(2, 301, 2, 0),
(2, 302, 1, 1),
(2, 302, 2, 0),
(2, 303, 1, 1),
(2, 303, 2, 0),
(2, 304, 2, 0),
(2, 305, 1, 0),
(2, 305, 2, 0),
(2, 306, 1, 0),
(2, 306, 2, 0),
(2, 307, 1, 0),
(2, 307, 2, 0),
(2, 308, 1, 0),
(2, 308, 2, 0),
(2, 309, 1, 0),
(2, 309, 2, 0),
(2, 310, 1, 0),
(2, 310, 2, 0),
(2, 311, 1, 0),
(2, 311, 2, 0),
(2, 312, 1, 0),
(2, 313, 1, 1),
(2, 314, 1, 1);

-- --------------------------------------------------------

--
-- 表的结构 `xy_attachment`
--

CREATE TABLE IF NOT EXISTS `xy_attachment` (
`id` int(11) NOT NULL,
  `category_id` int(11) NOT NULL DEFAULT '0' COMMENT '所属栏目',
  `title` varchar(255) NOT NULL DEFAULT '' COMMENT '自定义标题',
  `description` varchar(255) NOT NULL DEFAULT '' COMMENT '自定义描述',
  `path` varchar(255) NOT NULL DEFAULT '' COMMENT '附件路径',
  `name` varchar(255) NOT NULL DEFAULT '' COMMENT '附件本身名字',
  `size` int(10) NOT NULL DEFAULT '0' COMMENT '附件大小',
  `ext` char(10) NOT NULL DEFAULT '' COMMENT '附件扩展名',
  `user_id` int(11) NOT NULL DEFAULT '0' COMMENT '上传用户',
  `upload_ip` char(15) NOT NULL DEFAULT '' COMMENT '上传IP',
  `upload_time` int(10) NOT NULL DEFAULT '0' COMMENT '上传时间',
  `compression_image` varchar(255) NOT NULL DEFAULT '',
  `sort` smallint(6) NOT NULL DEFAULT '0',
  `url` varchar(255) DEFAULT NULL,
  `width` smallint(6) DEFAULT NULL,
  `height` smallint(6) DEFAULT NULL,
  `compression_url` varchar(255) DEFAULT NULL,
  `siteid` tinyint(4) NOT NULL DEFAULT '1' COMMENT '站点ID'
) ENGINE=InnoDB  DEFAULT CHARSET=utf8 AUTO_INCREMENT=1417594562 ;

-- --------------------------------------------------------

--
-- 表的结构 `xy_category`
--

CREATE TABLE IF NOT EXISTS `xy_category` (
`id` smallint(5) unsigned NOT NULL,
  `siteid` smallint(5) NOT NULL DEFAULT '0',
  `catname` varchar(30) NOT NULL DEFAULT '',
  `catdir` varchar(30) NOT NULL DEFAULT '',
  `parentdir` varchar(100) NOT NULL DEFAULT '',
  `arrparentid` varchar(255) NOT NULL DEFAULT '',
  `parentid` smallint(5) unsigned NOT NULL DEFAULT '0',
  `child` tinyint(1) NOT NULL DEFAULT '0',
  `arrchildid` varchar(255) NOT NULL DEFAULT '',
  `modelid` tinyint(2) unsigned NOT NULL DEFAULT '0',
  `module` char(24) NOT NULL DEFAULT '',
  `title` varchar(150) NOT NULL DEFAULT '',
  `keywords` varchar(100) NOT NULL DEFAULT '',
  `description` varchar(255) NOT NULL DEFAULT '',
  `listorder` smallint(5) unsigned NOT NULL DEFAULT '0',
  `image` varchar(100) NOT NULL DEFAULT '',
  `url` varchar(150) NOT NULL DEFAULT '',
  `level` smallint(2) NOT NULL DEFAULT '0',
  `setting` mediumtext,
  `ismenu` tinyint(1) NOT NULL DEFAULT '0',
  `sethtml` tinyint(1) NOT NULL DEFAULT '0',
  `letter` varchar(255) NOT NULL DEFAULT '',
  `hits` int(10) NOT NULL DEFAULT '0',
  `items` mediumint(8) NOT NULL DEFAULT '0',
  `type` tinyint(1) NOT NULL DEFAULT '1'
) ENGINE=InnoDB  DEFAULT CHARSET=utf8 AUTO_INCREMENT=23 ;

--
-- 转存表中的数据 `xy_category`
--

INSERT INTO `xy_category` (`id`, `siteid`, `catname`, `catdir`, `parentdir`, `arrparentid`, `parentid`, `child`, `arrchildid`, `modelid`, `module`, `title`, `keywords`, `description`, `listorder`, `image`, `url`, `level`, `setting`, `ismenu`, `sethtml`, `letter`, `hits`, `items`, `type`) VALUES
(1, 1, '头条', 'toutiao', '', '0', 0, 1, '1,7,11,14', 16, '内容模型', '', '', '', 0, '', '', 1, 'array (\n  ''meta_title'' => '''',\n  ''meta_keywords'' => '''',\n  ''meta_description'' => '''',\n)', 1, 0, '', 0, 0, 1),
(2, 1, '导购', 'daogou', '', '0', 0, 0, '2', 16, '内容模型', '', '', '', 0, '', '', 1, 'array (\n  ''meta_title'' => '''',\n  ''meta_keywords'' => '''',\n  ''meta_description'' => '''',\n)', 1, 0, '', 0, 0, 1),
(3, 1, '快讯', 'kuaixun', '', '0', 0, 1, '3,13', 16, '内容模型', '', '', '', 5, '', '', 1, 'array (\n  ''meta_title'' => '''',\n  ''meta_keywords'' => '''',\n  ''meta_description'' => '''',\n)', 1, 0, '', 0, 0, 1),
(4, 1, '热点', 'redian', 'top/', '0,6', 6, 1, '4,16', 16, '内容模型', '', '', '', 0, '', '', 2, 'array (\n  ''meta_title'' => '''',\n  ''meta_keywords'' => '''',\n  ''meta_description'' => '''',\n)', 1, 0, '', 0, 0, 1),
(6, 1, '顶级栏目', 'top', '', '0', 0, 1, '6,4', 16, '内容模型', '', '', '', 1, '', '', 1, 'array (\n  ''meta_title'' => '''',\n  ''meta_keywords'' => '''',\n  ''meta_description'' => '''',\n)', 1, 0, '', 0, 0, 1),
(9, 1, '服装', 'fuzhuang', '', '0', 0, 0, '9', 16, '内容模型', '', '', '服装服装', 0, '', '', 1, 'array (\n  ''meta_title'' => '''',\n  ''meta_keywords'' => '''',\n  ''meta_description'' => '''',\n)', 1, 0, '', 0, 0, 1),
(20, 2, '测试的', 'test', '', '0', 0, 1, '20,21,22', 36, '分类信息2', '', '', '', 0, '', '', 1, 'array (\n  ''meta_title'' => '''',\n  ''meta_keywords'' => '''',\n  ''meta_description'' => '''',\n)', 1, 0, '', 0, 0, 1),
(21, 2, '5456', '131', 'test/', '0,20', 20, 0, '21', 36, '分类信息2', '', '', '', 0, '', '', 2, 'array (\n  ''meta_title'' => '''',\n  ''meta_keywords'' => '''',\n  ''meta_description'' => '''',\n)', 1, 0, '', 0, 0, 1),
(22, 2, '123', '456', 'test/', '0,20', 20, 0, '22', 36, '分类信息2', '', '', '', 0, 'http://tp-admin.hhailuo.com/Uploads/2015-11-20/564ee46c1a749.jpg', '', 2, 'array (\n  ''meta_title'' => '''',\n  ''meta_keywords'' => '''',\n  ''meta_description'' => '''',\n)', 1, 0, '', 0, 0, 1);

-- --------------------------------------------------------

--
-- 表的结构 `xy_content`
--

CREATE TABLE IF NOT EXISTS `xy_content` (
`id` mediumint(8) unsigned NOT NULL,
  `siteid` smallint(5) unsigned NOT NULL DEFAULT '0',
  `catid` smallint(5) unsigned NOT NULL DEFAULT '0',
  `typeid` smallint(5) unsigned NOT NULL,
  `title` char(80) NOT NULL DEFAULT '',
  `style` char(24) NOT NULL DEFAULT '',
  `thumb` char(100) NOT NULL DEFAULT '',
  `keywords` char(40) NOT NULL DEFAULT '',
  `description` char(255) NOT NULL DEFAULT '',
  `posids` tinyint(1) unsigned NOT NULL DEFAULT '0',
  `url` char(100) NOT NULL,
  `listorder` tinyint(3) unsigned NOT NULL DEFAULT '0',
  `status` tinyint(2) unsigned NOT NULL DEFAULT '1',
  `sysadd` tinyint(1) unsigned NOT NULL DEFAULT '0',
  `islink` tinyint(1) unsigned NOT NULL DEFAULT '0',
  `username` char(20) NOT NULL,
  `inputtime` int(10) unsigned NOT NULL DEFAULT '0',
  `updatetime` int(10) unsigned NOT NULL DEFAULT '0'
) ENGINE=InnoDB DEFAULT CHARSET=utf8 AUTO_INCREMENT=1 ;

-- --------------------------------------------------------

--
-- 表的结构 `xy_content_data`
--

CREATE TABLE IF NOT EXISTS `xy_content_data` (
  `id` mediumint(8) unsigned DEFAULT '0',
  `content` text NOT NULL,
  `readpoint` smallint(5) unsigned NOT NULL DEFAULT '0',
  `groupids_view` varchar(100) NOT NULL,
  `paginationtype` tinyint(1) NOT NULL,
  `maxcharperpage` mediumint(6) NOT NULL,
  `template` varchar(30) NOT NULL,
  `paytype` tinyint(1) unsigned NOT NULL DEFAULT '0',
  `allow_comment` tinyint(1) unsigned NOT NULL DEFAULT '1',
  `relation` varchar(255) NOT NULL DEFAULT ''
) ENGINE=InnoDB DEFAULT CHARSET=utf8;

-- --------------------------------------------------------

--
-- 表的结构 `xy_linkage`
--

CREATE TABLE IF NOT EXISTS `xy_linkage` (
`id` smallint(5) unsigned NOT NULL,
  `name` varchar(30) NOT NULL DEFAULT '',
  `style` varchar(35) NOT NULL DEFAULT '',
  `parentid` smallint(5) unsigned NOT NULL DEFAULT '0',
  `child` tinyint(1) NOT NULL DEFAULT '0',
  `arrchildid` mediumtext,
  `keyid` smallint(5) unsigned NOT NULL DEFAULT '0',
  `listorder` smallint(5) unsigned NOT NULL DEFAULT '0',
  `description` varchar(255) DEFAULT NULL,
  `setting` varchar(255) DEFAULT NULL,
  `siteid` smallint(5) NOT NULL DEFAULT '0'
) ENGINE=InnoDB  DEFAULT CHARSET=utf8 AUTO_INCREMENT=3796 ;

--
-- 转存表中的数据 `xy_linkage`
--

INSERT INTO `xy_linkage` (`id`, `name`, `style`, `parentid`, `child`, `arrchildid`, `keyid`, `listorder`, `description`, `setting`, `siteid`) VALUES
(3360, '城市列表', '1', 0, 0, '', 0, 1, '', 'array (\n  ''level'' => ''0'',\n)', 0),
(3361, '北京市', '0', 3780, 0, '3361', 3360, 0, '', 'array (\n  ''level'' => ''0'',\n)', 0),
(3362, '上海市', '0', 3780, 0, '3362', 3360, 0, '', 'array (\n  ''level'' => ''0'',\n)', 0),
(3363, '天津市', '0', 3780, 0, '3363', 3360, 0, '', 'array (\n  ''level'' => ''0'',\n)', 0),
(3364, '重庆市', '0', 3780, 0, '3364', 3360, 0, '', 'array (\n  ''level'' => ''0'',\n)', 0),
(3365, '河北省', '', 0, 1, '3365,3395,3396,3397,3398,3399,3400,3401,3402,3403,3404,3405', 3360, 1, '', NULL, 0),
(3366, '山西省', '', 0, 1, '3366,3406,3407,3408,3409,3410,3411,3412,3413,3414,3415,3416', 3360, 2, '', NULL, 0),
(3367, '内蒙古', '', 0, 1, '3367,3417,3418,3419,3420,3421,3422,3423,3424,3425,3426,3427,3428', 3360, 3, '', NULL, 0),
(3368, '辽宁省', '', 0, 1, '3368,3429,3430,3431,3432,3433,3434,3435,3436,3437,3438,3439,3440,3441,3442', 3360, 4, '', NULL, 0),
(3369, '吉林省', '', 0, 1, '3369,3443,3444,3445,3446,3447,3448,3449,3450,3451', 3360, 5, '', NULL, 0),
(3370, '黑龙江省', '', 0, 1, '3370,3452,3453,3454,3455,3456,3457,3458,3459,3460,3461,3462,3463,3464', 3360, 6, '', NULL, 0),
(3371, '江苏省', '', 0, 1, '3371,3465,3466,3467,3468,3469,3470,3471,3472,3473,3474,3475,3476,3477', 3360, 7, '', NULL, 0),
(3372, '浙江省', '', 0, 1, '3372,3478,3479,3480,3481,3482,3483,3484,3485,3486,3487,3488', 3360, 8, '', NULL, 0),
(3373, '安徽省', '', 0, 1, '3373,3489,3490,3491,3492,3493,3494,3495,3496,3497,3498,3499,3500,3501,3502,3503,3504,3505', 3360, 9, '', NULL, 0),
(3374, '福建省', '', 0, 1, '3374,3506,3507,3508,3509,3510,3511,3512,3513,3514', 3360, 10, '', NULL, 0),
(3375, '江西省', '', 0, 1, '3375,3515,3516,3517,3518,3519,3520,3521,3522,3523,3524,3525', 3360, 11, '', NULL, 0),
(3376, '山东省', '', 0, 1, '3376,3526,3527,3528,3529,3530,3531,3532,3533,3534,3535,3536,3537,3538,3539,3540,3541,3542', 3360, 12, '', NULL, 0),
(3377, '河南省', '', 0, 1, '3377,3543,3544,3545,3546,3547,3548,3549,3550,3551,3552,3553,3554,3555,3556,3557,3558,3559', 3360, 13, '', NULL, 0),
(3378, '湖北省', '', 0, 1, '3378,3560,3561,3562,3563,3564,3565,3566,3567,3568,3569,3570,3571,3572,3573,3574,3575,3576', 3360, 14, '', NULL, 0),
(3379, '湖南省', '', 0, 1, '3379,3577,3578,3579,3580,3581,3582,3583,3584,3585,3586,3587,3588,3589,3590', 3360, 15, '', NULL, 0),
(3380, '广东省', '', 0, 1, '3380,3591,3592,3593,3594,3595,3596,3597,3598,3599,3600,3601,3602,3603,3604,3605,3606,3607,3608,3609,3610,3611', 3360, 16, '', NULL, 0),
(3381, '广西省', '0', 0, 1, '3381,3612,3613,3614,3615,3616,3617,3618,3619,3620,3621,3622,3623,3624,3625', 3360, 17, '', 'array (\n  ''level'' => ''0'',\n)', 0),
(3382, '海南省', '', 0, 1, '3382,3626,3627,3628,3629,3630,3631,3632,3633,3634,3635,3636,3637,3638,3639,3640,3641,3642,3643,3644,3645,3646', 3360, 18, '', NULL, 0),
(3383, '四川省', '', 0, 1, '3383,3647,3648,3649,3650,3651,3652,3653,3654,3655,3656,3657,3658,3659,3660,3661,3662,3663,3664,3665,3666,3667', 3360, 19, '', NULL, 0),
(3384, '贵州省', '', 0, 1, '3384,3668,3669,3670,3671,3672,3673,3674,3675,3676', 3360, 20, '', NULL, 0),
(3385, '云南省', '', 0, 1, '3385,3677,3678,3679,3680,3681,3682,3683,3684,3685,3686,3687,3688,3689,3690,3691,3692', 3360, 21, '', NULL, 0),
(3386, '西藏', '', 0, 1, '3386,3693,3694,3695,3696,3697,3698,3699', 3360, 22, '', NULL, 0),
(3387, '陕西省', '', 0, 1, '3387,3700,3701,3702,3703,3704,3705,3706,3707,3708,3709', 3360, 23, '', NULL, 0),
(3388, '甘肃省', '', 0, 1, '3388,3710,3711,3712,3713,3714,3715,3716,3717,3718,3719,3720,3721,3722,3723', 3360, 24, '', NULL, 0),
(3389, '青海省', '', 0, 1, '3389,3724,3725,3726,3727,3728,3729,3730,3731', 3360, 25, '', NULL, 0),
(3390, '宁夏', '', 0, 1, '3390,3732,3733,3734,3735,3736', 3360, 26, '', NULL, 0),
(3391, '新疆', '', 0, 1, '3391,3737,3738,3739,3740,3741,3742,3743,3744,3745,3746,3747,3748,3749,3750,3751,3752,3753,3754', 3360, 27, '', NULL, 0),
(3392, '台湾省', '', 0, 1, '3392,3755,3756,3757,3758,3759,3760,3761,3762,3763,3764,3765,3766,3767,3768,3769,3770,3771,3772,3773,3774,3775,3776,3777,3778,3779', 3360, 28, '', NULL, 0),
(3393, '香港', '0', 3781, 0, '3393', 3360, 29, '', 'array (\n  ''level'' => ''0'',\n)', 0),
(3394, '澳门', '0', 3781, 0, '3394', 3360, 30, '', 'array (\n  ''level'' => ''0'',\n)', 0),
(3395, '石家庄市', '', 3365, 0, '3395', 3360, 0, '', NULL, 0),
(3396, '唐山市', '', 3365, 0, '3396', 3360, 0, '', NULL, 0),
(3397, '秦皇岛市', '', 3365, 0, '3397', 3360, 0, '', NULL, 0),
(3398, '邯郸市', '', 3365, 0, '3398', 3360, 0, '', NULL, 0),
(3399, '邢台市', '', 3365, 0, '3399', 3360, 0, '', NULL, 0),
(3400, '保定市', '', 3365, 0, '3400', 3360, 0, '', NULL, 0),
(3401, '张家口市', '', 3365, 0, '3401', 3360, 0, '', NULL, 0),
(3402, '承德市', '', 3365, 0, '3402', 3360, 0, '', NULL, 0),
(3403, '沧州市', '', 3365, 0, '3403', 3360, 0, '', NULL, 0),
(3404, '廊坊市', '', 3365, 0, '3404', 3360, 0, '', NULL, 0),
(3405, '衡水市', '', 3365, 0, '3405', 3360, 0, '', NULL, 0),
(3406, '太原市', '', 3366, 0, '3406', 3360, 0, '', NULL, 0),
(3407, '大同市', '', 3366, 0, '3407', 3360, 0, '', NULL, 0),
(3408, '阳泉市', '', 3366, 0, '3408', 3360, 0, '', NULL, 0),
(3409, '长治市', '', 3366, 0, '3409', 3360, 0, '', NULL, 0),
(3410, '晋城市', '', 3366, 0, '3410', 3360, 0, '', NULL, 0),
(3411, '朔州市', '', 3366, 0, '3411', 3360, 0, '', NULL, 0),
(3412, '晋中市', '', 3366, 0, '3412', 3360, 0, '', NULL, 0),
(3413, '运城市', '', 3366, 0, '3413', 3360, 0, '', NULL, 0),
(3414, '忻州市', '', 3366, 0, '3414', 3360, 0, '', NULL, 0),
(3415, '临汾市', '', 3366, 0, '3415', 3360, 0, '', NULL, 0),
(3416, '吕梁市', '', 3366, 0, '3416', 3360, 0, '', NULL, 0),
(3417, '呼和浩特市', '', 3367, 0, '3417', 3360, 0, '', NULL, 0),
(3418, '包头市', '', 3367, 0, '3418', 3360, 0, '', NULL, 0),
(3419, '乌海市', '', 3367, 0, '3419', 3360, 0, '', NULL, 0),
(3420, '赤峰市', '', 3367, 0, '3420', 3360, 0, '', NULL, 0),
(3421, '通辽市', '', 3367, 0, '3421', 3360, 0, '', NULL, 0),
(3422, '鄂尔多斯市', '', 3367, 0, '3422', 3360, 0, '', NULL, 0),
(3423, '呼伦贝尔市', '', 3367, 0, '3423', 3360, 0, '', NULL, 0),
(3424, '巴彦淖尔市', '', 3367, 0, '3424', 3360, 0, '', NULL, 0),
(3425, '乌兰察布市', '', 3367, 0, '3425', 3360, 0, '', NULL, 0),
(3426, '兴安盟', '', 3367, 0, '3426', 3360, 0, '', NULL, 0),
(3427, '锡林郭勒盟', '', 3367, 0, '3427', 3360, 0, '', NULL, 0),
(3428, '阿拉善盟', '', 3367, 0, '3428', 3360, 0, '', NULL, 0),
(3429, '沈阳市', '', 3368, 0, '3429', 3360, 0, '', NULL, 0),
(3430, '大连市', '', 3368, 0, '3430', 3360, 0, '', NULL, 0),
(3431, '鞍山市', '', 3368, 0, '3431', 3360, 0, '', NULL, 0),
(3432, '抚顺市', '', 3368, 0, '3432', 3360, 0, '', NULL, 0),
(3433, '本溪市', '', 3368, 0, '3433', 3360, 0, '', NULL, 0),
(3434, '丹东市', '', 3368, 0, '3434', 3360, 0, '', NULL, 0),
(3435, '锦州市', '', 3368, 0, '3435', 3360, 0, '', NULL, 0),
(3436, '营口市', '', 3368, 0, '3436', 3360, 0, '', NULL, 0),
(3437, '阜新市', '', 3368, 0, '3437', 3360, 0, '', NULL, 0),
(3438, '辽阳市', '', 3368, 0, '3438', 3360, 0, '', NULL, 0),
(3439, '盘锦市', '', 3368, 0, '3439', 3360, 0, '', NULL, 0),
(3440, '铁岭市', '', 3368, 0, '3440', 3360, 0, '', NULL, 0),
(3441, '朝阳市', '', 3368, 0, '3441', 3360, 0, '', NULL, 0),
(3442, '葫芦岛市', '', 3368, 0, '3442', 3360, 0, '', NULL, 0),
(3443, '长春市', '', 3369, 0, '3443', 3360, 0, '', NULL, 0),
(3444, '吉林市', '', 3369, 0, '3444', 3360, 0, '', NULL, 0),
(3445, '四平市', '', 3369, 0, '3445', 3360, 0, '', NULL, 0),
(3446, '辽源市', '', 3369, 0, '3446', 3360, 0, '', NULL, 0),
(3447, '通化市', '', 3369, 0, '3447', 3360, 0, '', NULL, 0),
(3448, '白山市', '', 3369, 0, '3448', 3360, 0, '', NULL, 0),
(3449, '松原市', '', 3369, 0, '3449', 3360, 0, '', NULL, 0),
(3450, '白城市', '', 3369, 0, '3450', 3360, 0, '', NULL, 0),
(3451, '延边', '', 3369, 0, '3451', 3360, 0, '', NULL, 0),
(3452, '哈尔滨市', '', 3370, 0, '3452', 3360, 0, '', NULL, 0),
(3453, '齐齐哈尔市', '', 3370, 0, '3453', 3360, 0, '', NULL, 0),
(3454, '鸡西市', '', 3370, 0, '3454', 3360, 0, '', NULL, 0),
(3455, '鹤岗市', '', 3370, 0, '3455', 3360, 0, '', NULL, 0),
(3456, '双鸭山市', '', 3370, 0, '3456', 3360, 0, '', NULL, 0),
(3457, '大庆市', '', 3370, 0, '3457', 3360, 0, '', NULL, 0),
(3458, '伊春市', '', 3370, 0, '3458', 3360, 0, '', NULL, 0),
(3459, '佳木斯市', '', 3370, 0, '3459', 3360, 0, '', NULL, 0),
(3460, '七台河市', '', 3370, 0, '3460', 3360, 0, '', NULL, 0),
(3461, '牡丹江市', '', 3370, 0, '3461', 3360, 0, '', NULL, 0),
(3462, '黑河市', '', 3370, 0, '3462', 3360, 0, '', NULL, 0),
(3463, '绥化市', '', 3370, 0, '3463', 3360, 0, '', NULL, 0),
(3464, '大兴安岭地区', '', 3370, 0, '3464', 3360, 0, '', NULL, 0),
(3465, '南京市', '', 3371, 0, '3465', 3360, 0, '', NULL, 0),
(3466, '无锡市', '', 3371, 0, '3466', 3360, 0, '', NULL, 0),
(3467, '徐州市', '', 3371, 0, '3467', 3360, 0, '', NULL, 0),
(3468, '常州市', '', 3371, 0, '3468', 3360, 0, '', NULL, 0),
(3469, '苏州市', '', 3371, 0, '3469', 3360, 0, '', NULL, 0),
(3470, '南通市', '', 3371, 0, '3470', 3360, 0, '', NULL, 0),
(3471, '连云港市', '', 3371, 0, '3471', 3360, 0, '', NULL, 0),
(3472, '淮安市', '', 3371, 0, '3472', 3360, 0, '', NULL, 0),
(3473, '盐城市', '', 3371, 0, '3473', 3360, 0, '', NULL, 0),
(3474, '扬州市', '', 3371, 0, '3474', 3360, 0, '', NULL, 0),
(3475, '镇江市', '', 3371, 0, '3475', 3360, 0, '', NULL, 0),
(3476, '泰州市', '', 3371, 0, '3476', 3360, 0, '', NULL, 0),
(3477, '宿迁市', '', 3371, 0, '3477', 3360, 0, '', NULL, 0),
(3478, '杭州市', '', 3372, 0, '3478', 3360, 0, '', NULL, 0),
(3479, '宁波市', '', 3372, 0, '3479', 3360, 0, '', NULL, 0),
(3480, '温州市', '', 3372, 0, '3480', 3360, 0, '', NULL, 0),
(3481, '嘉兴市', '', 3372, 0, '3481', 3360, 0, '', NULL, 0),
(3482, '湖州市', '', 3372, 0, '3482', 3360, 0, '', NULL, 0),
(3483, '绍兴市', '', 3372, 0, '3483', 3360, 0, '', NULL, 0),
(3484, '金华市', '', 3372, 0, '3484', 3360, 0, '', NULL, 0),
(3485, '衢州市', '', 3372, 0, '3485', 3360, 0, '', NULL, 0),
(3486, '舟山市', '', 3372, 0, '3486', 3360, 0, '', NULL, 0),
(3487, '台州市', '', 3372, 0, '3487', 3360, 0, '', NULL, 0),
(3488, '丽水市', '', 3372, 0, '3488', 3360, 0, '', NULL, 0),
(3489, '合肥市', '', 3373, 0, '3489', 3360, 0, '', NULL, 0),
(3490, '芜湖市', '', 3373, 0, '3490', 3360, 0, '', NULL, 0),
(3491, '蚌埠市', '', 3373, 0, '3491', 3360, 0, '', NULL, 0),
(3492, '淮南市', '', 3373, 0, '3492', 3360, 0, '', NULL, 0),
(3493, '马鞍山市', '', 3373, 0, '3493', 3360, 0, '', NULL, 0),
(3494, '淮北市', '', 3373, 0, '3494', 3360, 0, '', NULL, 0),
(3495, '铜陵市', '', 3373, 0, '3495', 3360, 0, '', NULL, 0),
(3496, '安庆市', '', 3373, 0, '3496', 3360, 0, '', NULL, 0),
(3497, '黄山市', '', 3373, 0, '3497', 3360, 0, '', NULL, 0),
(3498, '滁州市', '', 3373, 0, '3498', 3360, 0, '', NULL, 0),
(3499, '阜阳市', '', 3373, 0, '3499', 3360, 0, '', NULL, 0),
(3500, '宿州市', '', 3373, 0, '3500', 3360, 0, '', NULL, 0),
(3501, '巢湖市', '', 3373, 0, '3501', 3360, 0, '', NULL, 0),
(3502, '六安市', '', 3373, 0, '3502', 3360, 0, '', NULL, 0),
(3503, '亳州市', '', 3373, 0, '3503', 3360, 0, '', NULL, 0),
(3504, '池州市', '', 3373, 0, '3504', 3360, 0, '', NULL, 0),
(3505, '宣城市', '', 3373, 0, '3505', 3360, 0, '', NULL, 0),
(3506, '福州市', '', 3374, 0, '3506', 3360, 0, '', NULL, 0),
(3507, '厦门市', '', 3374, 0, '3507', 3360, 0, '', NULL, 0),
(3508, '莆田市', '', 3374, 0, '3508', 3360, 0, '', NULL, 0),
(3509, '三明市', '', 3374, 0, '3509', 3360, 0, '', NULL, 0),
(3510, '泉州市', '', 3374, 0, '3510', 3360, 0, '', NULL, 0),
(3511, '漳州市', '', 3374, 0, '3511', 3360, 0, '', NULL, 0),
(3512, '南平市', '', 3374, 0, '3512', 3360, 0, '', NULL, 0),
(3513, '龙岩市', '', 3374, 0, '3513', 3360, 0, '', NULL, 0),
(3514, '宁德市', '', 3374, 0, '3514', 3360, 0, '', NULL, 0),
(3515, '南昌市', '', 3375, 0, '3515', 3360, 0, '', NULL, 0),
(3516, '景德镇市', '', 3375, 0, '3516', 3360, 0, '', NULL, 0),
(3517, '萍乡市', '', 3375, 0, '3517', 3360, 0, '', NULL, 0),
(3518, '九江市', '', 3375, 0, '3518', 3360, 0, '', NULL, 0),
(3519, '新余市', '', 3375, 0, '3519', 3360, 0, '', NULL, 0),
(3520, '鹰潭市', '', 3375, 0, '3520', 3360, 0, '', NULL, 0),
(3521, '赣州市', '', 3375, 0, '3521', 3360, 0, '', NULL, 0),
(3522, '吉安市', '', 3375, 0, '3522', 3360, 0, '', NULL, 0),
(3523, '宜春市', '', 3375, 0, '3523', 3360, 0, '', NULL, 0),
(3524, '抚州市', '', 3375, 0, '3524', 3360, 0, '', NULL, 0),
(3525, '上饶市', '', 3375, 0, '3525', 3360, 0, '', NULL, 0),
(3526, '济南市', '', 3376, 0, '3526', 3360, 0, '', NULL, 0),
(3527, '青岛市', '', 3376, 0, '3527', 3360, 0, '', NULL, 0),
(3528, '淄博市', '', 3376, 0, '3528', 3360, 0, '', NULL, 0),
(3529, '枣庄市', '', 3376, 0, '3529', 3360, 0, '', NULL, 0),
(3530, '东营市', '', 3376, 0, '3530', 3360, 0, '', NULL, 0),
(3531, '烟台市', '', 3376, 0, '3531', 3360, 0, '', NULL, 0),
(3532, '潍坊市', '', 3376, 0, '3532', 3360, 0, '', NULL, 0),
(3533, '济宁市', '', 3376, 0, '3533', 3360, 0, '', NULL, 0),
(3534, '泰安市', '', 3376, 0, '3534', 3360, 0, '', NULL, 0),
(3535, '威海市', '', 3376, 0, '3535', 3360, 0, '', NULL, 0),
(3536, '日照市', '', 3376, 0, '3536', 3360, 0, '', NULL, 0),
(3537, '莱芜市', '', 3376, 0, '3537', 3360, 0, '', NULL, 0),
(3538, '临沂市', '', 3376, 0, '3538', 3360, 0, '', NULL, 0),
(3539, '德州市', '', 3376, 0, '3539', 3360, 0, '', NULL, 0),
(3540, '聊城市', '', 3376, 0, '3540', 3360, 0, '', NULL, 0),
(3541, '滨州市', '', 3376, 0, '3541', 3360, 0, '', NULL, 0),
(3542, '荷泽市', '', 3376, 0, '3542', 3360, 0, '', NULL, 0),
(3543, '郑州市', '', 3377, 0, '3543', 3360, 0, '', NULL, 0),
(3544, '开封市', '', 3377, 0, '3544', 3360, 0, '', NULL, 0),
(3545, '洛阳市', '', 3377, 0, '3545', 3360, 0, '', NULL, 0),
(3546, '平顶山市', '', 3377, 0, '3546', 3360, 0, '', NULL, 0),
(3547, '安阳市', '', 3377, 0, '3547', 3360, 0, '', NULL, 0),
(3548, '鹤壁市', '', 3377, 0, '3548', 3360, 0, '', NULL, 0),
(3549, '新乡市', '', 3377, 0, '3549', 3360, 0, '', NULL, 0),
(3550, '焦作市', '', 3377, 0, '3550', 3360, 0, '', NULL, 0),
(3551, '濮阳市', '', 3377, 0, '3551', 3360, 0, '', NULL, 0),
(3552, '许昌市', '', 3377, 0, '3552', 3360, 0, '', NULL, 0),
(3553, '漯河市', '', 3377, 0, '3553', 3360, 0, '', NULL, 0),
(3554, '三门峡市', '', 3377, 0, '3554', 3360, 0, '', NULL, 0),
(3555, '南阳市', '', 3377, 0, '3555', 3360, 0, '', NULL, 0),
(3556, '商丘市', '', 3377, 0, '3556', 3360, 0, '', NULL, 0),
(3557, '信阳市', '', 3377, 0, '3557', 3360, 0, '', NULL, 0),
(3558, '周口市', '', 3377, 0, '3558', 3360, 0, '', NULL, 0),
(3559, '驻马店市', '', 3377, 0, '3559', 3360, 0, '', NULL, 0),
(3560, '武汉市', '', 3378, 0, '3560', 3360, 0, '', NULL, 0),
(3561, '黄石市', '', 3378, 0, '3561', 3360, 0, '', NULL, 0),
(3562, '十堰市', '', 3378, 0, '3562', 3360, 0, '', NULL, 0),
(3563, '宜昌市', '', 3378, 0, '3563', 3360, 0, '', NULL, 0),
(3564, '襄樊市', '', 3378, 0, '3564', 3360, 0, '', NULL, 0),
(3565, '鄂州市', '', 3378, 0, '3565', 3360, 0, '', NULL, 0),
(3566, '荆门市', '', 3378, 0, '3566', 3360, 0, '', NULL, 0),
(3567, '孝感市', '', 3378, 0, '3567', 3360, 0, '', NULL, 0),
(3568, '荆州市', '', 3378, 0, '3568', 3360, 0, '', NULL, 0),
(3569, '黄冈市', '', 3378, 0, '3569', 3360, 0, '', NULL, 0),
(3570, '咸宁市', '', 3378, 0, '3570', 3360, 0, '', NULL, 0),
(3571, '随州市', '', 3378, 0, '3571', 3360, 0, '', NULL, 0),
(3572, '恩施土家族苗族自治州', '', 3378, 0, '3572', 3360, 0, '', NULL, 0),
(3573, '仙桃市', '', 3378, 0, '3573', 3360, 0, '', NULL, 0),
(3574, '潜江市', '', 3378, 0, '3574', 3360, 0, '', NULL, 0),
(3575, '天门市', '', 3378, 0, '3575', 3360, 0, '', NULL, 0),
(3576, '神农架林区', '', 3378, 0, '3576', 3360, 0, '', NULL, 0),
(3577, '长沙市', '', 3379, 0, '3577', 3360, 0, '', NULL, 0),
(3578, '株洲市', '', 3379, 0, '3578', 3360, 0, '', NULL, 0),
(3579, '湘潭市', '', 3379, 0, '3579', 3360, 0, '', NULL, 0),
(3580, '衡阳市', '', 3379, 0, '3580', 3360, 0, '', NULL, 0),
(3581, '邵阳市', '', 3379, 0, '3581', 3360, 0, '', NULL, 0),
(3582, '岳阳市', '', 3379, 0, '3582', 3360, 0, '', NULL, 0),
(3583, '常德市', '', 3379, 0, '3583', 3360, 0, '', NULL, 0),
(3584, '张家界市', '', 3379, 0, '3584', 3360, 0, '', NULL, 0),
(3585, '益阳市', '', 3379, 0, '3585', 3360, 0, '', NULL, 0),
(3586, '郴州市', '', 3379, 0, '3586', 3360, 0, '', NULL, 0),
(3587, '永州市', '', 3379, 0, '3587', 3360, 0, '', NULL, 0),
(3588, '怀化市', '', 3379, 0, '3588', 3360, 0, '', NULL, 0),
(3589, '娄底市', '', 3379, 0, '3589', 3360, 0, '', NULL, 0),
(3590, '湘西土家族苗族自治州', '', 3379, 0, '3590', 3360, 0, '', NULL, 0),
(3591, '广州市', '', 3380, 0, '3591', 3360, 0, '', NULL, 0),
(3592, '韶关市', '', 3380, 0, '3592', 3360, 0, '', NULL, 0),
(3593, '深圳市', '', 3380, 0, '3593', 3360, 0, '', NULL, 0),
(3594, '珠海市', '', 3380, 0, '3594', 3360, 0, '', NULL, 0),
(3595, '汕头市', '', 3380, 0, '3595', 3360, 0, '', NULL, 0),
(3596, '佛山市', '', 3380, 0, '3596', 3360, 0, '', NULL, 0),
(3597, '江门市', '', 3380, 0, '3597', 3360, 0, '', NULL, 0),
(3598, '湛江市', '', 3380, 0, '3598', 3360, 0, '', NULL, 0),
(3599, '茂名市', '', 3380, 0, '3599', 3360, 0, '', NULL, 0),
(3600, '肇庆市', '', 3380, 0, '3600', 3360, 0, '', NULL, 0),
(3601, '惠州市', '', 3380, 0, '3601', 3360, 0, '', NULL, 0),
(3602, '梅州市', '', 3380, 0, '3602', 3360, 0, '', NULL, 0),
(3603, '汕尾市', '', 3380, 0, '3603', 3360, 0, '', NULL, 0),
(3604, '河源市', '', 3380, 0, '3604', 3360, 0, '', NULL, 0),
(3605, '阳江市', '', 3380, 0, '3605', 3360, 0, '', NULL, 0),
(3606, '清远市', '', 3380, 0, '3606', 3360, 0, '', NULL, 0),
(3607, '东莞市', '', 3380, 0, '3607', 3360, 0, '', NULL, 0),
(3608, '中山市', '', 3380, 0, '3608', 3360, 0, '', NULL, 0),
(3609, '潮州市', '', 3380, 0, '3609', 3360, 0, '', NULL, 0),
(3610, '揭阳市', '', 3380, 0, '3610', 3360, 0, '', NULL, 0),
(3611, '云浮市', '', 3380, 0, '3611', 3360, 0, '', NULL, 0),
(3612, '南宁市', '', 3381, 0, '3612', 3360, 0, '', NULL, 0),
(3613, '柳州市', '', 3381, 0, '3613', 3360, 0, '', NULL, 0),
(3614, '桂林市', '', 3381, 0, '3614', 3360, 0, '', NULL, 0),
(3615, '梧州市', '', 3381, 0, '3615', 3360, 0, '', NULL, 0),
(3616, '北海市', '', 3381, 0, '3616', 3360, 0, '', NULL, 0),
(3617, '防城港市', '', 3381, 0, '3617', 3360, 0, '', NULL, 0),
(3618, '钦州市', '', 3381, 0, '3618', 3360, 0, '', NULL, 0),
(3619, '贵港市', '', 3381, 0, '3619', 3360, 0, '', NULL, 0),
(3620, '玉林市', '', 3381, 0, '3620', 3360, 0, '', NULL, 0),
(3621, '百色市', '', 3381, 0, '3621', 3360, 0, '', NULL, 0),
(3622, '贺州市', '', 3381, 0, '3622', 3360, 0, '', NULL, 0),
(3623, '河池市', '', 3381, 0, '3623', 3360, 0, '', NULL, 0),
(3624, '来宾市', '', 3381, 0, '3624', 3360, 0, '', NULL, 0),
(3625, '崇左市', '', 3381, 0, '3625', 3360, 0, '', NULL, 0),
(3626, '海口市', '', 3382, 0, '3626', 3360, 0, '', NULL, 0),
(3627, '三亚市', '', 3382, 0, '3627', 3360, 0, '', NULL, 0),
(3628, '五指山市', '', 3382, 0, '3628', 3360, 0, '', NULL, 0),
(3629, '琼海市', '', 3382, 0, '3629', 3360, 0, '', NULL, 0),
(3630, '儋州市', '', 3382, 0, '3630', 3360, 0, '', NULL, 0),
(3631, '文昌市', '', 3382, 0, '3631', 3360, 0, '', NULL, 0),
(3632, '万宁市', '', 3382, 0, '3632', 3360, 0, '', NULL, 0),
(3633, '东方市', '', 3382, 0, '3633', 3360, 0, '', NULL, 0),
(3634, '定安县', '', 3382, 0, '3634', 3360, 0, '', NULL, 0),
(3635, '屯昌县', '', 3382, 0, '3635', 3360, 0, '', NULL, 0),
(3636, '澄迈县', '', 3382, 0, '3636', 3360, 0, '', NULL, 0),
(3637, '临高县', '', 3382, 0, '3637', 3360, 0, '', NULL, 0),
(3638, '白沙黎族自治县', '', 3382, 0, '3638', 3360, 0, '', NULL, 0),
(3639, '昌江黎族自治县', '', 3382, 0, '3639', 3360, 0, '', NULL, 0),
(3640, '乐东黎族自治县', '', 3382, 0, '3640', 3360, 0, '', NULL, 0),
(3641, '陵水黎族自治县', '', 3382, 0, '3641', 3360, 0, '', NULL, 0),
(3642, '保亭黎族苗族自治县', '', 3382, 0, '3642', 3360, 0, '', NULL, 0),
(3643, '琼中黎族苗族自治县', '', 3382, 0, '3643', 3360, 0, '', NULL, 0),
(3644, '西沙群岛', '', 3382, 0, '3644', 3360, 0, '', NULL, 0),
(3645, '南沙群岛', '', 3382, 0, '3645', 3360, 0, '', NULL, 0),
(3646, '中沙群岛的岛礁及其海域', '', 3382, 0, '3646', 3360, 0, '', NULL, 0),
(3647, '成都市', '', 3383, 0, '3647', 3360, 0, '', NULL, 0),
(3648, '自贡市', '', 3383, 0, '3648', 3360, 0, '', NULL, 0),
(3649, '攀枝花市', '', 3383, 0, '3649', 3360, 0, '', NULL, 0),
(3650, '泸州市', '', 3383, 0, '3650', 3360, 0, '', NULL, 0),
(3651, '德阳市', '', 3383, 0, '3651', 3360, 0, '', NULL, 0),
(3652, '绵阳市', '', 3383, 0, '3652', 3360, 0, '', NULL, 0),
(3653, '广元市', '', 3383, 0, '3653', 3360, 0, '', NULL, 0),
(3654, '遂宁市', '', 3383, 0, '3654', 3360, 0, '', NULL, 0),
(3655, '内江市', '', 3383, 0, '3655', 3360, 0, '', NULL, 0),
(3656, '乐山市', '', 3383, 0, '3656', 3360, 0, '', NULL, 0),
(3657, '南充市', '', 3383, 0, '3657', 3360, 0, '', NULL, 0),
(3658, '眉山市', '', 3383, 0, '3658', 3360, 0, '', NULL, 0),
(3659, '宜宾市', '', 3383, 0, '3659', 3360, 0, '', NULL, 0),
(3660, '广安市', '', 3383, 0, '3660', 3360, 0, '', NULL, 0),
(3661, '达州市', '', 3383, 0, '3661', 3360, 0, '', NULL, 0),
(3662, '雅安市', '', 3383, 0, '3662', 3360, 0, '', NULL, 0),
(3663, '巴中市', '', 3383, 0, '3663', 3360, 0, '', NULL, 0),
(3664, '资阳市', '', 3383, 0, '3664', 3360, 0, '', NULL, 0),
(3665, '阿坝州', '', 3383, 0, '3665', 3360, 0, '', NULL, 0),
(3666, '甘孜州', '', 3383, 0, '3666', 3360, 0, '', NULL, 0),
(3667, '凉山州', '', 3383, 0, '3667', 3360, 0, '', NULL, 0),
(3668, '贵阳市', '', 3384, 0, '3668', 3360, 0, '', NULL, 0),
(3669, '六盘水市', '', 3384, 0, '3669', 3360, 0, '', NULL, 0),
(3670, '遵义市', '', 3384, 0, '3670', 3360, 0, '', NULL, 0),
(3671, '安顺市', '', 3384, 0, '3671', 3360, 0, '', NULL, 0),
(3672, '铜仁地区', '', 3384, 0, '3672', 3360, 0, '', NULL, 0),
(3673, '黔西南州', '', 3384, 0, '3673', 3360, 0, '', NULL, 0),
(3674, '毕节地区', '', 3384, 0, '3674', 3360, 0, '', NULL, 0),
(3675, '黔东南州', '', 3384, 0, '3675', 3360, 0, '', NULL, 0),
(3676, '黔南州', '', 3384, 0, '3676', 3360, 0, '', NULL, 0),
(3677, '昆明市', '', 3385, 0, '3677', 3360, 0, '', NULL, 0),
(3678, '曲靖市', '', 3385, 0, '3678', 3360, 0, '', NULL, 0),
(3679, '玉溪市', '', 3385, 0, '3679', 3360, 0, '', NULL, 0),
(3680, '保山市', '', 3385, 0, '3680', 3360, 0, '', NULL, 0),
(3681, '昭通市', '', 3385, 0, '3681', 3360, 0, '', NULL, 0),
(3682, '丽江市', '', 3385, 0, '3682', 3360, 0, '', NULL, 0),
(3683, '思茅市', '', 3385, 0, '3683', 3360, 0, '', NULL, 0),
(3684, '临沧市', '', 3385, 0, '3684', 3360, 0, '', NULL, 0),
(3685, '楚雄州', '', 3385, 0, '3685', 3360, 0, '', NULL, 0),
(3686, '红河州', '', 3385, 0, '3686', 3360, 0, '', NULL, 0),
(3687, '文山州', '', 3385, 0, '3687', 3360, 0, '', NULL, 0),
(3688, '西双版纳', '', 3385, 0, '3688', 3360, 0, '', NULL, 0),
(3689, '大理', '', 3385, 0, '3689', 3360, 0, '', NULL, 0),
(3690, '德宏', '', 3385, 0, '3690', 3360, 0, '', NULL, 0),
(3691, '怒江', '', 3385, 0, '3691', 3360, 0, '', NULL, 0),
(3692, '迪庆', '', 3385, 0, '3692', 3360, 0, '', NULL, 0),
(3693, '拉萨市', '', 3386, 0, '3693', 3360, 0, '', NULL, 0),
(3694, '昌都', '', 3386, 0, '3694', 3360, 0, '', NULL, 0),
(3695, '山南', '', 3386, 0, '3695', 3360, 0, '', NULL, 0),
(3696, '日喀则', '', 3386, 0, '3696', 3360, 0, '', NULL, 0),
(3697, '那曲', '', 3386, 0, '3697', 3360, 0, '', NULL, 0),
(3698, '阿里', '', 3386, 0, '3698', 3360, 0, '', NULL, 0),
(3699, '林芝', '', 3386, 0, '3699', 3360, 0, '', NULL, 0),
(3700, '西安市', '', 3387, 0, '3700', 3360, 0, '', NULL, 0),
(3701, '铜川市', '', 3387, 0, '3701', 3360, 0, '', NULL, 0),
(3702, '宝鸡市', '', 3387, 0, '3702', 3360, 0, '', NULL, 0),
(3703, '咸阳市', '', 3387, 0, '3703', 3360, 0, '', NULL, 0),
(3704, '渭南市', '', 3387, 0, '3704', 3360, 0, '', NULL, 0),
(3705, '延安市', '', 3387, 0, '3705', 3360, 0, '', NULL, 0),
(3706, '汉中市', '', 3387, 0, '3706', 3360, 0, '', NULL, 0),
(3707, '榆林市', '', 3387, 0, '3707', 3360, 0, '', NULL, 0),
(3708, '安康市', '', 3387, 0, '3708', 3360, 0, '', NULL, 0),
(3709, '商洛市', '', 3387, 0, '3709', 3360, 0, '', NULL, 0),
(3710, '兰州市', '', 3388, 0, '3710', 3360, 0, '', NULL, 0),
(3711, '嘉峪关市', '', 3388, 0, '3711', 3360, 0, '', NULL, 0),
(3712, '金昌市', '', 3388, 0, '3712', 3360, 0, '', NULL, 0),
(3713, '白银市', '', 3388, 0, '3713', 3360, 0, '', NULL, 0),
(3714, '天水市', '', 3388, 0, '3714', 3360, 0, '', NULL, 0),
(3715, '武威市', '', 3388, 0, '3715', 3360, 0, '', NULL, 0),
(3716, '张掖市', '', 3388, 0, '3716', 3360, 0, '', NULL, 0),
(3717, '平凉市', '', 3388, 0, '3717', 3360, 0, '', NULL, 0),
(3718, '酒泉市', '', 3388, 0, '3718', 3360, 0, '', NULL, 0),
(3719, '庆阳市', '', 3388, 0, '3719', 3360, 0, '', NULL, 0),
(3720, '定西市', '', 3388, 0, '3720', 3360, 0, '', NULL, 0),
(3721, '陇南市', '', 3388, 0, '3721', 3360, 0, '', NULL, 0),
(3722, '临夏州', '', 3388, 0, '3722', 3360, 0, '', NULL, 0),
(3723, '甘州', '', 3388, 0, '3723', 3360, 0, '', NULL, 0),
(3724, '西宁市', '', 3389, 0, '3724', 3360, 0, '', NULL, 0),
(3725, '海东地区', '', 3389, 0, '3725', 3360, 0, '', NULL, 0),
(3726, '海州', '', 3389, 0, '3726', 3360, 0, '', NULL, 0),
(3727, '黄南州', '', 3389, 0, '3727', 3360, 0, '', NULL, 0),
(3728, '海南州', '', 3389, 0, '3728', 3360, 0, '', NULL, 0),
(3729, '果洛州', '', 3389, 0, '3729', 3360, 0, '', NULL, 0),
(3730, '玉树州', '', 3389, 0, '3730', 3360, 0, '', NULL, 0),
(3731, '海西州', '', 3389, 0, '3731', 3360, 0, '', NULL, 0),
(3732, '银川市', '', 3390, 0, '3732', 3360, 0, '', NULL, 0),
(3733, '石嘴山市', '', 3390, 0, '3733', 3360, 0, '', NULL, 0),
(3734, '吴忠市', '', 3390, 0, '3734', 3360, 0, '', NULL, 0),
(3735, '固原市', '', 3390, 0, '3735', 3360, 0, '', NULL, 0),
(3736, '中卫市', '', 3390, 0, '3736', 3360, 0, '', NULL, 0),
(3737, '乌鲁木齐市', '', 3391, 0, '3737', 3360, 0, '', NULL, 0),
(3738, '克拉玛依市', '', 3391, 0, '3738', 3360, 0, '', NULL, 0),
(3739, '吐鲁番地区', '', 3391, 0, '3739', 3360, 0, '', NULL, 0),
(3740, '哈密地区', '', 3391, 0, '3740', 3360, 0, '', NULL, 0),
(3741, '昌吉州', '', 3391, 0, '3741', 3360, 0, '', NULL, 0),
(3742, '博尔州', '', 3391, 0, '3742', 3360, 0, '', NULL, 0),
(3743, '巴音郭楞州', '', 3391, 0, '3743', 3360, 0, '', NULL, 0),
(3744, '阿克苏地区', '', 3391, 0, '3744', 3360, 0, '', NULL, 0),
(3745, '克孜勒苏柯尔克孜自治州', '', 3391, 0, '3745', 3360, 0, '', NULL, 0),
(3746, '喀什地区', '', 3391, 0, '3746', 3360, 0, '', NULL, 0),
(3747, '和田地区', '', 3391, 0, '3747', 3360, 0, '', NULL, 0),
(3748, '伊犁州', '', 3391, 0, '3748', 3360, 0, '', NULL, 0),
(3749, '塔城地区', '', 3391, 0, '3749', 3360, 0, '', NULL, 0),
(3750, '阿勒泰地区', '', 3391, 0, '3750', 3360, 0, '', NULL, 0),
(3751, '石河子市', '', 3391, 0, '3751', 3360, 0, '', NULL, 0),
(3752, '阿拉尔市', '', 3391, 0, '3752', 3360, 0, '', NULL, 0),
(3753, '图木舒克市', '', 3391, 0, '3753', 3360, 0, '', NULL, 0),
(3754, '五家渠市', '', 3391, 0, '3754', 3360, 0, '', NULL, 0),
(3755, '台北市', '', 3392, 0, '3755', 3360, 0, '', NULL, 0),
(3756, '高雄市', '', 3392, 0, '3756', 3360, 0, '', NULL, 0),
(3757, '基隆市', '', 3392, 0, '3757', 3360, 0, '', NULL, 0),
(3758, '新竹市', '', 3392, 0, '3758', 3360, 0, '', NULL, 0),
(3759, '台中市', '', 3392, 0, '3759', 3360, 0, '', NULL, 0),
(3760, '嘉义市', '', 3392, 0, '3760', 3360, 0, '', NULL, 0),
(3761, '台南市', '', 3392, 0, '3761', 3360, 0, '', NULL, 0),
(3762, '台北县', '', 3392, 0, '3762', 3360, 0, '', NULL, 0),
(3763, '桃园县', '', 3392, 0, '3763', 3360, 0, '', NULL, 0),
(3764, '新竹县', '', 3392, 0, '3764', 3360, 0, '', NULL, 0),
(3765, '苗栗县', '', 3392, 0, '3765', 3360, 0, '', NULL, 0),
(3766, '台中县', '', 3392, 0, '3766', 3360, 0, '', NULL, 0),
(3767, '彰化县', '', 3392, 0, '3767', 3360, 0, '', NULL, 0),
(3768, '南投县', '', 3392, 0, '3768', 3360, 0, '', NULL, 0),
(3769, '云林县', '', 3392, 0, '3769', 3360, 0, '', NULL, 0),
(3770, '嘉义县', '', 3392, 0, '3770', 3360, 0, '', NULL, 0),
(3771, '台南县', '', 3392, 0, '3771', 3360, 0, '', NULL, 0),
(3772, '高雄县', '', 3392, 0, '3772', 3360, 0, '', NULL, 0),
(3773, '屏东县', '', 3392, 0, '3773', 3360, 0, '', NULL, 0),
(3774, '宜兰县', '', 3392, 0, '3774', 3360, 0, '', NULL, 0),
(3775, '花莲县', '', 3392, 0, '3775', 3360, 0, '', NULL, 0),
(3776, '台东县', '', 3392, 0, '3776', 3360, 0, '', NULL, 0),
(3777, '澎湖县', '', 3392, 0, '3777', 3360, 0, '', NULL, 0),
(3778, '金门县', '', 3392, 0, '3778', 3360, 0, '', NULL, 0),
(3779, '连江县', '', 3392, 0, '3779', 3360, 0, '', NULL, 0),
(3780, '直辖市', '', 0, 1, '3780,3361,3362,3363,3364', 3360, 0, '', NULL, 0),
(3781, '特别行政区', '', 0, 1, '3781,3393,3394', 3360, 32, '', NULL, 0),
(3782, '12312', '', 0, 0, '', 0, 1, '', NULL, 1),
(3783, '321', '', 0, 0, '', 0, 2, '321', NULL, 1),
(3784, '321', '', 0, 0, '', 3783, 0, '321', NULL, 1),
(3785, '时间', '', 0, 0, '', 0, 0, '', NULL, 1),
(3786, '周一', '', 0, 1, ',1', 3785, 0, '', NULL, 1),
(3787, '周二', '', 0, 1, ',1', 3785, 0, '', NULL, 1),
(3788, '周三', '', 0, 0, '', 3785, 0, '', NULL, 1),
(3789, '上午', '', 3786, 0, '', 3785, 0, '', NULL, 1),
(3790, '下午', '', 3786, 0, '', 3785, 0, '', NULL, 1),
(3791, '上午', '', 3787, 0, '', 3785, 0, '', NULL, 1),
(3792, '下午', '', 3787, 0, '', 3785, 0, '', NULL, 1),
(3793, '111', '', 0, 0, '', 0, 0, '', NULL, 1),
(3794, 'wo', '', 0, 0, '', 0, 0, 'hello', NULL, 1),
(3795, 'sda', '', 0, 0, '', 0, 0, 'dsad', NULL, 1);

-- --------------------------------------------------------

--
-- 表的结构 `xy_log`
--

CREATE TABLE IF NOT EXISTS `xy_log` (
`id` int(11) NOT NULL,
  `username` varchar(50) NOT NULL DEFAULT '' COMMENT '用户',
  `module` char(40) NOT NULL DEFAULT '' COMMENT '模块',
  `action` varchar(20) NOT NULL DEFAULT '' COMMENT '操作',
  `querystring` varchar(255) NOT NULL DEFAULT '' COMMENT 'URL',
  `userid` smallint(5) NOT NULL DEFAULT '0' COMMENT '用户ID',
  `ip` char(15) NOT NULL DEFAULT '' COMMENT 'IP',
  `date` datetime NOT NULL DEFAULT '0000-00-00 00:00:00' COMMENT '时间',
  `status` tinyint(1) NOT NULL DEFAULT '0' COMMENT '0：登陆失败; 1：操作成功；2：无权限'
) ENGINE=InnoDB  DEFAULT CHARSET=utf8 AUTO_INCREMENT=158557 ;

-- --------------------------------------------------------

--
-- 表的结构 `xy_model`
--

CREATE TABLE IF NOT EXISTS `xy_model` (
`id` tinyint(3) unsigned NOT NULL,
  `siteid` smallint(5) NOT NULL DEFAULT '0',
  `name` varchar(255) NOT NULL DEFAULT '',
  `tablename` varchar(50) NOT NULL DEFAULT '',
  `controller` varchar(255) NOT NULL DEFAULT '',
  `description` varchar(200) NOT NULL DEFAULT '',
  `typeid` smallint(5) unsigned NOT NULL DEFAULT '0',
  `issystem` tinyint(1) unsigned NOT NULL DEFAULT '0',
  `issearch` tinyint(1) unsigned NOT NULL DEFAULT '0',
  `listfields` varchar(255) NOT NULL DEFAULT '',
  `listorder` smallint(3) unsigned NOT NULL DEFAULT '0',
  `status` tinyint(1) unsigned NOT NULL DEFAULT '0',
  `postgroup` varchar(100) NOT NULL DEFAULT '',
  `ispost` tinyint(1) unsigned NOT NULL DEFAULT '0'
) ENGINE=InnoDB  DEFAULT CHARSET=utf8 AUTO_INCREMENT=38 ;

--
-- 转存表中的数据 `xy_model`
--

INSERT INTO `xy_model` (`id`, `siteid`, `name`, `tablename`, `controller`, `description`, `typeid`, `issystem`, `issearch`, `listfields`, `listorder`, `status`, `postgroup`, `ispost`) VALUES
(16, 1, '内容模型', 'news', 'Content', '新闻模型', 0, 0, 0, '', 0, 0, '', 0),
(23, 1, '通用模型', 'model_common', '', '', 2, 0, 0, '', 0, 0, '', 0);

-- --------------------------------------------------------

--
-- 表的结构 `xy_model_common`
--

CREATE TABLE IF NOT EXISTS `xy_model_common` (
`id` mediumint(8) NOT NULL,
  `siteid` smallint(5) NOT NULL,
  `title` varchar(80) NOT NULL DEFAULT '',
  `listorder` smallint(5) unsigned NOT NULL DEFAULT '0',
  `username` char(20) NOT NULL,
  `status` tinyint(1) unsigned NOT NULL DEFAULT '0',
  `inputtime` timestamp NOT NULL DEFAULT '0000-00-00 00:00:00',
  `updatetime` timestamp NOT NULL DEFAULT '0000-00-00 00:00:00',
  `image` varchar(255) NOT NULL DEFAULT '',
  `mutile_text` mediumtext NOT NULL,
  `editor` mediumtext NOT NULL,
  `select` varchar(255) NOT NULL DEFAULT '',
  `radio` varchar(255) NOT NULL DEFAULT '',
  `mutile_image` mediumtext NOT NULL,
  `number` int(10) unsigned NOT NULL DEFAULT '0',
  `date` datetime DEFAULT NULL,
  `author` varchar(255) NOT NULL DEFAULT '',
  `source` varchar(255) NOT NULL DEFAULT '',
  `link` int(10) unsigned NOT NULL DEFAULT '0',
  `readpoint` smallint(5) unsigned NOT NULL DEFAULT '0',
  `paytype` tinyint(1) unsigned NOT NULL DEFAULT '0',
  `linkage` int(10) unsigned NOT NULL DEFAULT '0',
  `single_image` varchar(255) NOT NULL DEFAULT ''
) ENGINE=InnoDB  DEFAULT CHARSET=utf8 AUTO_INCREMENT=6 ;


--
-- 表的结构 `xy_model_field`
--

CREATE TABLE IF NOT EXISTS `xy_model_field` (
`fieldid` mediumint(8) unsigned NOT NULL,
  `modelid` smallint(5) unsigned NOT NULL DEFAULT '0',
  `siteid` smallint(5) unsigned NOT NULL DEFAULT '0',
  `field` varchar(20) NOT NULL DEFAULT '',
  `name` varchar(30) NOT NULL DEFAULT '',
  `tips` text,
  `css` varchar(30) NOT NULL DEFAULT '',
  `minlength` int(10) unsigned NOT NULL DEFAULT '0',
  `maxlength` int(10) unsigned NOT NULL DEFAULT '0',
  `pattern` varchar(255) NOT NULL DEFAULT '',
  `errortips` varchar(255) NOT NULL DEFAULT '',
  `formtype` varchar(20) NOT NULL DEFAULT '',
  `setting` mediumtext,
  `formattribute` varchar(255) NOT NULL DEFAULT '',
  `unsetgroupids` varchar(255) NOT NULL DEFAULT '',
  `unsetroleids` varchar(255) NOT NULL DEFAULT '',
  `iscore` tinyint(1) unsigned NOT NULL DEFAULT '0',
  `issystem` tinyint(1) unsigned NOT NULL DEFAULT '0',
  `isunique` tinyint(1) unsigned NOT NULL DEFAULT '0',
  `isbase` tinyint(1) unsigned NOT NULL DEFAULT '0',
  `issearch` tinyint(1) unsigned NOT NULL DEFAULT '0',
  `isadd` tinyint(1) unsigned NOT NULL DEFAULT '0',
  `islist` tinyint(1) unsigned NOT NULL DEFAULT '0',
  `isfulltext` tinyint(1) unsigned NOT NULL DEFAULT '0',
  `isposition` tinyint(1) unsigned NOT NULL DEFAULT '0',
  `listorder` mediumint(8) unsigned NOT NULL DEFAULT '0',
  `disabled` tinyint(1) unsigned NOT NULL DEFAULT '0',
  `isomnipotent` tinyint(1) unsigned NOT NULL DEFAULT '0'
) ENGINE=InnoDB  DEFAULT CHARSET=utf8 AUTO_INCREMENT=441 ;

--
-- 转存表中的数据 `xy_model_field`
--

INSERT INTO `xy_model_field` (`fieldid`, `modelid`, `siteid`, `field`, `name`, `tips`, `css`, `minlength`, `maxlength`, `pattern`, `errortips`, `formtype`, `setting`, `formattribute`, `unsetgroupids`, `unsetroleids`, `iscore`, `issystem`, `isunique`, `isbase`, `issearch`, `isadd`, `islist`, `isfulltext`, `isposition`, `listorder`, `disabled`, `isomnipotent`) VALUES
(54, 16, 1, 'catid', '栏目', '', '', 1, 6, '/^[0-9]{1,6}$/', '请选择栏目', 'catid', 'array (\n  ''defaultvalue'' => '''',\n)', '', '-99', '-99', 0, 1, 0, 1, 1, 1, 0, 0, 0, 1, 0, 0),
(55, 16, 1, 'typeid', '类别', '', '', 0, 0, '', '', 'typeid', 'array (\n  ''minnumber'' => '''',\n  ''defaultvalue'' => '''',\n)', '', '', '', 0, 1, 0, 1, 1, 1, 0, 0, 0, 2, 0, 0),
(56, 16, 1, 'title', '标题', '', 'inputtitle', 1, 80, '', '请输入标题', 'title', '', '', '', '', 0, 1, 0, 1, 1, 1, 0, 1, 1, 4, 0, 0),
(57, 16, 1, 'keywords', '关键词', '多关键词之间用空格或者“,”隔开', '', 0, 40, '', '', 'keyword', 'array (\r\n  ''size'' => ''100'',\r\n  ''defaultvalue'' => '''',\r\n)', '', '-99', '-99', 0, 1, 0, 1, 1, 1, 0, 1, 0, 7, 0, 0),
(58, 16, 1, 'description', '摘要', '', '', 0, 255, '', '', 'textarea', 'array (\r\n  ''width'' => ''98'',\r\n  ''height'' => ''46'',\r\n  ''defaultvalue'' => '''',\r\n  ''enablehtml'' => ''0'',\r\n)', '', '', '', 0, 1, 0, 1, 0, 1, 0, 1, 1, 10, 0, 0),
(59, 16, 1, 'updatetime', '更新时间', '', '', 0, 0, '', '', 'datetime', 'array (\r\n  ''dateformat'' => ''int'',\r\n  ''format'' => ''Y-m-d H:i:s'',\r\n  ''defaulttype'' => ''1'',\r\n  ''defaultvalue'' => '''',\r\n)', '', '', '', 1, 1, 0, 1, 0, 0, 0, 0, 0, 12, 0, 0),
(60, 16, 1, 'content', '内容', '', '', 1, 999999, '', '内容不能为空', 'editor', 'array (\n  ''toolbar'' => ''full'',\n  ''defaultvalue'' => '''',\n  ''enablekeylink'' => ''1'',\n  ''replacenum'' => ''2'',\n  ''link_mode'' => ''0'',\n  ''enablesaveimage'' => ''1'',\n  ''height'' => '''',\n  ''disabled_page'' => ''0'',\n)', '', '', '', 0, 0, 0, 1, 0, 1, 0, 1, 0, 13, 0, 0),
(61, 16, 1, 'thumb', '缩略图', '', '', 0, 100, '', '', 'image', 'array (\n  ''size'' => ''50'',\n  ''defaultvalue'' => '''',\n  ''show_type'' => ''1'',\n  ''upload_maxsize'' => ''1024'',\n  ''upload_allowext'' => ''jpg|jpeg|gif|png|bmp'',\n  ''watermark'' => ''0'',\n  ''isselectimage'' => ''1'',\n  ''images_width'' => '''',\n  ''images_height'' => '''',\n)', '', '', '', 0, 1, 0, 0, 0, 1, 0, 0, 1, 14, 0, 0),
(62, 16, 1, 'relation', '相关文章', '', '', 0, 0, '', '', 'omnipotent', 'array (\n  ''formtext'' => ''<input type=\\''hidden\\'' name=\\''info[relation][ids]\\'' id=\\''relation\\'' value=\\''{FIELD_VALUE_IDS}\\'' style=\\''50\\'' >\r\n<input type=\\''hidden\\'' name=\\''info[relation][cats]\\'' id=\\''relation_cats\\'' \r\nvalue=\\''{FIELD_VALUE_CATS}\\'' style=\\''50\\'' >\r\n<input type=\\''hidden\\'' name=\\''info[relation][title]\\'' id=\\''relation_title\\'' value=\\''{FIELD_VALUE_TITLE}\\''>\r\n<ul class="list-dot" id="relation_text"></ul>\r\n<div>\r\n<input type=\\''button\\'' value="添加相关" onclick="omnipotent(\\''selectid\\'',\\''{URL_ADD_RELATION}?modelid={MODELID}\\'',\\''添加相关文章\\'',1)" class="button" style="width:66px;">\r\n<span class="edit_content">\r\n<input type=\\''button\\'' value="显示已有" onclick="show_relation(\\''{URL_SHOW_RELATION}\\'',{MODELID},{ID})" class="button" style="width:66px;">\r\n</span>\r\n</div>'',\n  ''fieldtype'' => ''text'',\n  ''minnumber'' => ''1'',\n)', '', '', '', 0, 0, 0, 0, 0, 0, 0, 1, 0, 15, 0, 0),
(64, 16, 1, 'inputtime', '发布时间', '', '', 0, 0, '', '', 'datetime', 'array (\n  ''fieldtype'' => ''int'',\n  ''format'' => ''Y-m-d H:i:s'',\n  ''defaulttype'' => ''0'',\n)', '', '', '', 0, 1, 0, 0, 0, 0, 0, 0, 1, 17, 0, 0),
(65, 16, 1, 'posids', '推荐位', '', '', 0, 0, '', '', 'posid', 'array (\n  ''cols'' => ''4'',\n  ''width'' => ''125'',\n)', '', '', '', 0, 1, 0, 1, 0, 0, 0, 0, 0, 18, 0, 0),
(67, 16, 1, 'url', 'URL', '', '', 0, 100, '', '', 'text', 'array (\n  ''size'' => '''',\n  ''defaultvalue'' => '''',\n  ''ispassword'' => ''0'',\n)', '', '', '', 1, 1, 0, 0, 0, 0, 0, 0, 0, 50, 0, 0),
(68, 16, 1, 'listorder', '排序', '', '', 0, 6, '', '', 'number', '', '', '', '', 1, 1, 0, 1, 0, 0, 0, 0, 0, 51, 0, 0),
(69, 16, 1, 'template', '内容页模板', '', '', 0, 30, '', '', 'template', 'array (\n  ''size'' => '''',\n  ''defaultvalue'' => '''',\n)', '', '-99', '-99', 0, 0, 0, 0, 0, 0, 0, 0, 0, 53, 0, 0),
(70, 16, 1, 'allow_comment', '允许评论', '', '', 0, 0, '', '', 'box', 'array (\n  ''options'' => ''允许评论|1\r\n不允许评论|0'',\n  ''boxtype'' => ''radio'',\n  ''fieldtype'' => ''tinyint'',\n  ''minnumber'' => ''1'',\n  ''width'' => ''88'',\n  ''size'' => ''1'',\n  ''defaultvalue'' => ''1'',\n  ''outputtype'' => ''0'',\n)', '', '', '', 0, 0, 0, 0, 0, 0, 0, 0, 0, 54, 1, 0),
(71, 16, 1, 'status', '状态', '', '', 0, 2, '', '', 'box', '', '', '', '', 1, 1, 0, 1, 0, 0, 0, 0, 0, 55, 0, 0),
(72, 16, 1, 'readpoint', '阅读收费', '', '', 0, 5, '', '', 'readpoint', 'array (\n  ''minnumber'' => ''1'',\n  ''maxnumber'' => ''99999'',\n  ''decimaldigits'' => ''0'',\n  ''defaultvalue'' => '''',\n)', '', '-99', '-99', 0, 0, 0, 0, 0, 0, 0, 0, 0, 55, 0, 0),
(73, 16, 1, 'username', '用户名', '', '', 0, 20, '', '', 'text', '', '', '', '', 1, 1, 0, 1, 0, 0, 0, 0, 0, 98, 0, 0),
(74, 16, 1, 'islink', '转向链接', '', '', 0, 0, '', '', 'islink', 'array (\n  ''size'' => '''',\n)', '', '', '', 0, 1, 0, 0, 0, 1, 0, 0, 0, 20, 0, 0),
(76, 16, 1, 'copyfrom', '来源', '', '', 0, 0, '', '', 'copyfrom', 'array (\n  ''defaultvalue'' => '''',\n)', '', '', '', 0, 0, 0, 1, 0, 1, 0, 0, 0, 5, 0, 0),
(104, 16, 1, 'email', 'email', '', '', 1, 0, '/^[\\w\\-\\.]+@[\\w\\-\\.]+(\\.\\w+)+$/', '邮箱地址不争取', 'text', 'array (\n  ''size'' => ''50'',\n  ''defaultvalue'' => '''',\n  ''ispassword'' => ''0'',\n)', '', '', '', 0, 0, 0, 1, 0, 1, 0, 1, 0, 0, 0, 0),
(105, 16, 1, 'test', '地图测试', '', '', 0, 0, '', '', 'map', 'array (\n  ''maptype'' => ''2'',\n  ''api_key'' => '''',\n  ''defaultcity'' => '''',\n  ''hotcitys'' => '''',\n  ''width'' => '''',\n  ''height'' => '''',\n)', '', '', '', 0, 0, 0, 1, 0, 1, 0, 0, 0, 0, 0, 0),
(106, 16, 1, 'file_test', '多文件上传', '', '', 0, 0, '', '', 'downfiles', 'array (\n  ''upload_allowext'' => ''gif|jpg|jpeg|png|bmp'',\n  ''isselectimage'' => ''0'',\n  ''upload_number'' => ''10'',\n  ''downloadlink'' => ''1'',\n  ''downloadtype'' => ''1'',\n)', '', '', '', 0, 0, 0, 1, 0, 1, 0, 0, 0, 0, 0, 0),
(107, 16, 1, 'test_author', '测试作者', '', '', 0, 0, '', '', 'author', 'array (\n  ''defaultvalue'' => '''',\n)', '', '', '', 0, 0, 0, 1, 0, 1, 0, 0, 0, 0, 0, 0),
(108, 23, 1, 'title', '标题', '', 'inputtitle', 1, 80, '', '请输入标题', 'title', '', '', '', '', 0, 1, 0, 1, 0, 1, 1, 1, 1, 4, 0, 0),
(109, 23, 1, 'updatetime', '更新时间', '', '', 0, 0, '', '', 'datetime', 'array (\r\n  ''dateformat'' => ''datetime'',\r\n  ''format'' => ''Y-m-d H:i:s'',\r\n  ''defaulttype'' => ''0'',\r\n  ''defaultvalue'' => '''',\r\n)', '', '', '', 1, 1, 0, 1, 0, 0, 0, 0, 0, 12, 0, 0),
(110, 23, 1, 'inputtime', '发布时间', '', '', 0, 0, '', '', 'datetime', 'array (\n  ''fieldtype'' => ''datetime'',\n  ''format'' => ''Y-m-d H:i:s'',\n  ''defaulttype'' => ''0'',\n)', '', '', '', 0, 1, 0, 0, 0, 0, 0, 0, 1, 17, 0, 0),
(111, 23, 1, 'listorder', '排序', '', '', 0, 6, '', '', 'number', '', '', '', '', 1, 1, 0, 1, 0, 0, 0, 0, 0, 51, 0, 0),
(112, 23, 1, 'image', '图片测试', '', '', 0, 0, '', '', 'image', 'array (\n  ''size'' => '''',\n  ''defaultvalue'' => '''',\n  ''show_type'' => ''0'',\n  ''upload_allowext'' => ''gif|jpg|jpeg|png|bmp'',\n  ''watermark'' => ''0'',\n  ''isselectimage'' => ''1'',\n  ''images_width'' => '''',\n  ''images_height'' => '''',\n)', '', '', '', 0, 1, 0, 1, 0, 1, 0, 0, 0, 5, 0, 0),
(174, 23, 1, 'mutile_text', '多行文本', '', '', 0, 0, '', '', 'textarea', 'array (\n  ''width'' => ''100'',\n  ''height'' => ''46'',\n  ''defaultvalue'' => '''',\n  ''enablehtml'' => ''0'',\n)', '', '', '', 0, 1, 0, 1, 0, 1, 0, 0, 0, 6, 0, 0),
(175, 23, 1, 'editor', '编辑器', '', '', 0, 0, '', '', 'editor', 'array (\n  ''toolbar'' => ''basic'',\n  ''defaultvalue'' => '''',\n  ''enablekeylink'' => ''0'',\n  ''replacenum'' => ''1'',\n  ''link_mode'' => ''0'',\n  ''enablesaveimage'' => ''0'',\n  ''height'' => ''200'',\n)', '', '', '', 0, 1, 0, 1, 0, 1, 0, 0, 0, 7, 0, 0),
(176, 23, 1, 'select', '选择器', '', '', 0, 0, '', '', 'box', 'array (\n  ''options'' => ''选项名称1|选项值1'',\n  ''boxtype'' => ''checkbox'',\n  ''fieldtype'' => ''varchar'',\n  ''minnumber'' => ''1'',\n  ''width'' => ''80'',\n  ''size'' => ''1'',\n  ''defaultvalue'' => '''',\n  ''outputtype'' => ''1'',\n)', '', '', '', 0, 1, 0, 1, 0, 1, 0, 0, 0, 8, 0, 0),
(177, 23, 1, 'radio', '单选框', '', '', 0, 0, '', '', 'box', 'array (\n  ''options'' => ''选项名称1|选项值1\r\n选项名称2|选项值2'',\n  ''boxtype'' => ''radio'',\n  ''fieldtype'' => ''varchar'',\n  ''minnumber'' => ''1'',\n  ''width'' => ''80'',\n  ''size'' => ''1'',\n  ''defaultvalue'' => '''',\n  ''outputtype'' => ''1'',\n)', '', '', '', 0, 1, 0, 1, 0, 1, 0, 0, 0, 9, 0, 0),
(178, 23, 1, 'mutile_image', '多图', '', '', 0, 0, '', '', 'images', 'array (\n  ''upload_allowext'' => ''gif|jpg|jpeg|png|bmp'',\n  ''isselectimage'' => ''0'',\n  ''upload_number'' => ''10'',\n)', '', '', '', 0, 1, 0, 1, 0, 1, 0, 0, 0, 10, 0, 0),
(179, 23, 1, 'number', '数字', '', '', 0, 0, '', '', 'number', 'array (\n  ''minnumber'' => ''1'',\n  ''maxnumber'' => ''100'',\n  ''decimaldigits'' => ''0'',\n  ''defaultvalue'' => '''',\n  ''rangetype'' => ''0'',\n)', '', '', '', 0, 1, 0, 1, 0, 1, 0, 0, 0, 11, 0, 0),
(180, 23, 1, 'date', '日期和时间', '', '', 0, 0, '', '', 'datetime', 'array (\n  ''fieldtype'' => ''datetime'',\n  ''format'' => ''Y-m-d Ah:i:s'',\n  ''defaulttype'' => ''0'',\n)', '', '', '', 0, 1, 0, 1, 0, 1, 0, 0, 0, 12, 0, 0),
(181, 23, 1, 'author', '作者', '', '', 0, 0, '', '', 'author', 'array (\n  ''defaultvalue'' => '''',\n)', '', '', '', 0, 1, 0, 1, 0, 1, 0, 0, 0, 13, 0, 0),
(182, 23, 1, 'source', '来源', '\r\n', '', 0, 0, '', '', 'copyfrom', 'array (\n  ''defaultvalue'' => '''',\n)', '', '', '', 0, 1, 0, 1, 0, 1, 0, 0, 0, 14, 0, 0),
(183, 23, 1, 'link', '转向链接', '', '', 0, 0, '', '', 'islink', 'array (\n  ''size'' => ''30'',\n)', '', '', '', 0, 1, 0, 1, 0, 1, 0, 0, 0, 15, 0, 0),
(184, 23, 1, 'point', '积分', '', '', 0, 0, '', '', 'readpoint', '', '', '', '', 0, 1, 0, 1, 0, 1, 0, 0, 0, 16, 0, 0),
(185, 23, 1, 'linkage', '联动菜单', '', '', 0, 0, '', '', 'linkage', 'array (\n  ''linkageid'' => ''3360'',\n)', '', '', '', 0, 1, 0, 1, 0, 1, 0, 0, 0, 17, 0, 0),
(186, 23, 1, 'single_image', '缩略图', '', '', 0, 0, '', '', 'image', 'array (\n  ''size'' => '''',\n  ''defaultvalue'' => '''',\n  ''show_type'' => ''1'',\n  ''upload_allowext'' => ''gif|jpg|jpeg|png|bmp'',\n  ''watermark'' => ''0'',\n  ''isselectimage'' => ''1'',\n  ''images_width'' => '''',\n  ''images_height'' => '''',\n)', '', '', '', 0, 1, 0, 1, 0, 1, 0, 0, 0, 9, 0, 0);

-- --------------------------------------------------------

--
-- 表的结构 `xy_model_type`
--

CREATE TABLE IF NOT EXISTS `xy_model_type` (
`id` smallint(5) NOT NULL,
  `name` varchar(255) NOT NULL DEFAULT '',
  `module` varchar(255) NOT NULL DEFAULT '',
  `siteid` smallint(5) NOT NULL DEFAULT '0',
  `description` varchar(255) NOT NULL DEFAULT '',
  `listorder` smallint(5) NOT NULL DEFAULT '0'
) ENGINE=InnoDB  DEFAULT CHARSET=utf8 AUTO_INCREMENT=4 ;

-- --------------------------------------------------------

--
-- 表的结构 `xy_news`
--

CREATE TABLE IF NOT EXISTS `xy_news` (
`id` mediumint(8) unsigned NOT NULL,
  `siteid` smallint(5) NOT NULL DEFAULT '0',
  `catid` smallint(5) unsigned NOT NULL DEFAULT '0',
  `typeid` smallint(5) unsigned NOT NULL,
  `title` char(80) NOT NULL DEFAULT '',
  `style` char(24) NOT NULL DEFAULT '',
  `thumb` char(100) NOT NULL DEFAULT '',
  `keywords` char(40) NOT NULL DEFAULT '',
  `description` char(255) NOT NULL DEFAULT '',
  `posids` tinyint(1) unsigned NOT NULL DEFAULT '0',
  `url` varchar(100) NOT NULL DEFAULT '',
  `listorder` tinyint(3) unsigned NOT NULL DEFAULT '0',
  `status` tinyint(2) unsigned NOT NULL DEFAULT '1',
  `sysadd` tinyint(1) unsigned NOT NULL DEFAULT '0',
  `islink` int(10) unsigned NOT NULL DEFAULT '0',
  `username` char(20) NOT NULL,
  `inputtime` int(10) unsigned NOT NULL DEFAULT '0',
  `updatetime` int(10) unsigned NOT NULL DEFAULT '0'
) ENGINE=InnoDB  DEFAULT CHARSET=utf8 AUTO_INCREMENT=7 ;

-- --------------------------------------------------------

--
-- 表的结构 `xy_news_data`
--

CREATE TABLE IF NOT EXISTS `xy_news_data` (
`id` mediumint(8) unsigned NOT NULL,
  `content` mediumtext NOT NULL,
  `readpoint` smallint(5) unsigned NOT NULL DEFAULT '0',
  `paginationtype` tinyint(1) NOT NULL,
  `maxcharperpage` mediumint(6) NOT NULL,
  `template` varchar(30) NOT NULL,
  `paytype` tinyint(1) unsigned NOT NULL DEFAULT '0',
  `allow_comment` tinyint(1) unsigned NOT NULL DEFAULT '1',
  `relation` text NOT NULL,
  `copyfrom` varchar(255) NOT NULL DEFAULT '',
  `email` varchar(255) NOT NULL DEFAULT '',
  `test` varchar(255) NOT NULL DEFAULT '',
  `file_test` mediumtext NOT NULL,
  `test_author` varchar(255) NOT NULL DEFAULT ''
) ENGINE=InnoDB  DEFAULT CHARSET=utf8 AUTO_INCREMENT=7 ;

--
-- 表的结构 `xy_node`
--

CREATE TABLE IF NOT EXISTS `xy_node` (
`id` smallint(6) unsigned NOT NULL,
  `module` varchar(255) NOT NULL DEFAULT '',
  `action` varchar(255) NOT NULL DEFAULT '',
  `title` varchar(50) DEFAULT NULL,
  `status` tinyint(1) DEFAULT '0',
  `remark` varchar(255) DEFAULT NULL,
  `sort` smallint(6) unsigned DEFAULT NULL,
  `pid` smallint(6) unsigned NOT NULL DEFAULT '0',
  `params` varchar(255) NOT NULL DEFAULT '',
  `request_method` tinyint(1) unsigned NOT NULL DEFAULT '0' COMMENT '是否验证请求方式；0: 否,1:是'
) ENGINE=InnoDB  DEFAULT CHARSET=utf8 AUTO_INCREMENT=315 ;

--
-- 转存表中的数据 `xy_node`
--

INSERT INTO `xy_node` (`id`, `module`, `action`, `title`, `status`, `remark`, `sort`, `pid`, `params`, `request_method`) VALUES
(1, 'Index', 'index', '系统默认', 1, '', 50, 1, '', 0),
(2, 'Index', 'public_session_life', 'SESSION LIVE', 1, NULL, 50, 1, '', 0),
(3, 'Menu', 'index', '菜单管理', 1, '', 0, 69, '', 0),
(5, 'Index', 'main', '默认首页', 1, '', 0, 58, '', 0),
(11, 'Menu', 'add', '添加', 1, '', 0, 3, '', 1),
(12, 'Menu', 'edit', '编辑', 1, '', 0, 3, '', 1),
(14, 'Menu', 'del', '删除', 1, '', 0, 3, '', 0),
(16, 'Role', 'index', '角色管理', 1, '', 0, 68, '', 0),
(17, 'Role', 'edit', '编辑', 1, '', 0, 16, '', 1),
(19, 'User', 'index', '管理员管理', 1, '', 0, 68, '', 0),
(21, 'User', 'add', '添加', 1, '', 0, 19, '', 1),
(22, 'User', 'edit', '编辑', 1, '', 0, 19, '', 1),
(23, 'User', 'del', '删除', 1, '', 0, 19, '', 0),
(25, 'Log', 'index', '操作日志', 1, '', 0, 69, '', 0),
(32, 'Changpwd', 'edit', '密码修改', 1, '', 0, 58, '', 1),
(41, 'Log', 'search', '查询', 1, '', 0, 25, '', 0),
(43, 'Position', 'index', '推荐位管理', 1, '', 0, 245, '', 0),
(45, 'Position', 'add', '添加', 1, '', 0, 196, '', 1),
(46, 'Position', 'edit', '修改', 1, '', 0, 196, '', 1),
(47, 'Position', 'delete', '删除', 1, '', 0, 196, '', 0),
(53, 'Index', 'cache_clean', '缓存清理', 1, '', 0, 66, '', 0),
(58, 'Index', 'left', '个人信息', 1, '', 0, 59, '', 0),
(59, 'Index', 'index', '我的面板', 1, '', 10, 0, '', 0),
(62, 'Role', 'index', '设置', 1, '', 9, 0, '', 0),
(63, 'Menu', 'index', '扩展', 1, '', 5, 0, '', 0),
(66, 'Convenience', 'index', '快捷操作', 1, '', 0, 59, '', 0),
(68, 'Manager', 'index', '管理员设置', 1, '', 0, 62, '', 0),
(69, 'Menu', 'index', '扩展管理', 1, '', 0, 63, '', 0),
(114, 'Site', 'index', '相关设置', 1, '', 1, 62, '', 0),
(115, 'Site', 'index', '站点管理', 1, '', 0, 114, '', 0),
(116, 'Site', 'add', '添加', 1, '', 0, 115, '', 1),
(117, 'Site', 'edit', '修改', 1, '', 0, 115, '', 1),
(196, 'Position', 'index', '推荐位', 1, '', 0, 43, '', 0),
(245, 'Content', 'index', '内容', 1, '', 8, 0, '', 0),
(246, 'Content', 'index', '内容发布管理', 1, '', 1, 245, '', 0),
(247, 'Content', 'index', '内容管理', 1, '', 4, 246, '', 0),
(248, 'Category', 'index', '栏目管理', 1, '', 3, 246, '', 0),
(249, 'Model', 'index', '模型管理', 1, '', 2, 246, '', 0),
(253, 'Linkage', 'index', '联动菜单', 1, '', 0, 69, '', 0),
(254, 'Content', 'add', '添加', 1, '', 0, 247, '', 1),
(255, 'Content', 'edit', '修改', 1, '', 0, 247, '', 1),
(256, 'Content', 'delete', '删除', 1, '', 0, 247, '', 0),
(257, 'Content', 'public_categorys', '侧边栏', 1, '', 0, 247, '', 0),
(258, 'Content', 'init', '内容管理首页', 1, '', 0, 247, '', 0),
(259, 'Content', 'add_othors', '发布到其他栏目', 1, '', 0, 247, '', 0),
(260, 'Content', 'public_getsite_categorys', '异步加载栏目', 1, '', 0, 247, '', 0),
(261, 'Content', 'show_relation', '显示相关文章', 1, '', 0, 247, '', 0),
(262, 'Content', 'public_relationlist', '相关文章', 1, '', 0, 247, '', 0),
(263, 'Content', 'public_check_title', '标题重复检测', 1, '', 0, 247, '', 0),
(264, 'Module', 'index', '通用模型', 1, '', 0, 0, '', 0),
(265, 'Module', 'index', '内容管理', 1, '', 0, 264, '', 0),
(266, 'Module', 'index', '内容管理', 1, '', 0, 265, 'moduleid=23', 0),
(267, 'Changpwd', 'public_checkname_ajx', '异步检测用户名', 1, '', 0, 32, '', 0),
(268, 'Changpwd', 'public_password_ajx', '异步检测密码', 1, '', 0, 32, '', 0),
(269, 'Changpwd', 'public_email_ajx', '异步检测emial合法性', 1, '', 0, 32, '', 0),
(270, 'Site', 'delete', '删除', 1, '', 0, 115, '', 0),
(271, 'Site', 'public_name', '站点名称重复检测', 1, '', 0, 115, '', 0),
(272, 'Site', 'public_dirname', '站点目录重名检测', 1, '', 0, 115, '', 0),
(273, 'Role', 'add', '添加', 1, '', 0, 16, '', 1),
(274, 'Role', 'del', '删除', 1, '', 0, 16, '', 0),
(275, 'Role', 'limits', '授权', 1, '', 0, 16, '', 1),
(276, 'Category', 'public_ajax_search', '快速进入异步搜索', 1, '', 0, 247, '', 0),
(277, 'Category', 'add', '添加', 1, '', 0, 248, '', 1),
(278, 'Category', 'edit', '修改', 1, '', 0, 248, '', 1),
(279, 'Category', 'del', '删除', 1, '', 0, 248, '', 0),
(280, 'Category', 'listorder', '排序', 1, '', 0, 248, '', 0),
(281, 'Category', 'public_check_catdir', 'ajax检查栏目是否存在', 1, '', 0, 248, '', 0),
(282, 'Model', 'add', '添加', 1, '', 0, 249, '', 1),
(283, 'Model', 'edit', '编辑', 1, '', 0, 249, '', 1),
(284, 'Model', 'delete', '删除', 1, '', 0, 249, '', 0),
(285, 'Model', 'public_check_name', '模型名称重复异步检测', 1, '', 0, 249, '', 0),
(286, 'Position', 'listorder', '排序', 1, '', 0, 196, '', 0),
(287, 'Position', 'public_item', '推荐位文章列表', 1, '', 0, 196, '', 0),
(288, 'Position', 'public_item_listorder', '推荐位文章排序', 1, '', 0, 196, '', 0),
(289, 'Position', 'public_item_remove', '删除推荐位文章', 1, '', 0, 196, '', 0),
(290, 'Position', 'public_category_load', '添加推荐位栏目异步加载', 1, '', 0, 196, '', 0),
(291, 'Position', 'public_model_load', '添加推荐位模型异步加载', 1, '', 0, 196, '', 0),
(292, 'Menu', 'listorder', '排序', 1, '', 0, 3, '', 0),
(293, 'Linkage', 'show_sub_menu', '显示子菜单', 1, '', 0, 253, '', 0),
(294, 'Linkage', 'add', '添加子菜单', 1, '', 0, 253, '', 1),
(295, 'Linkage', 'add_top_menu', '添加顶级菜单', 1, '', 0, 253, '', 0),
(296, 'Linkage', 'edit', '编辑', 1, '', 0, 253, '', 1),
(297, 'Linkage', 'listorder', '排序', 1, '', 0, 253, '', 0),
(298, 'Linkage', 'delete', '删除子菜单', 1, '', 0, 253, '', 0),
(299, 'Linkage', 'delete_top', '删除顶级菜单', 1, '', 0, 253, '', 0),
(300, 'Linkage', 'ajax_linkage_select', '联动菜单字段载入', 1, '', 0, 247, '', 0),
(301, 'ModelField', 'index', '模型字段管理', 1, '', 0, 249, '', 0),
(302, 'ModelField', 'add', '添加字段', 1, '', 0, 301, '', 1),
(303, 'ModelField', 'edit', '修改字段', 1, '', 0, 301, '', 1),
(304, 'ModelField', 'delete', '删除字段', 1, '', 0, 301, '', 0),
(305, 'ModelField', 'disabled', '禁用字段', 1, '', 0, 301, '', 0),
(306, 'ModelField', 'listorder', '字段排序', 1, '', 0, 301, '', 0),
(307, 'ModelField', 'public_checkfield', '字段重复检查', 1, '', 0, 301, '', 0),
(308, 'ModelField', 'public_field_setting', '字段属性异步载入', 1, '', 0, 301, '', 0),
(309, 'ModelField', 'public_priview', '模型预览', 1, '', 0, 249, '', 0),
(310, 'Attachment', 'index', '附件管理', 1, '', 1, 246, '', 0),
(311, 'Attachment', 'album_list', '图库', 1, '', 0, 310, '', 0),
(312, 'Index', 'change_site', '站点切换', 1, '', 0, 115, '', 0),
(313, 'Module', 'add', '添加', 1, '', 0, 266, 'moduleid=23', 1),
(314, 'Module', 'edit', '修改', 1, '', 0, 266, 'moduleid=23', 1);

-- --------------------------------------------------------

--
-- 表的结构 `xy_position`
--

CREATE TABLE IF NOT EXISTS `xy_position` (
`id` smallint(5) unsigned NOT NULL,
  `modelid` smallint(5) DEFAULT '0',
  `catid` smallint(5) DEFAULT '0',
  `name` char(30) NOT NULL DEFAULT '',
  `maxnum` smallint(5) NOT NULL DEFAULT '20',
  `extention` char(100) DEFAULT NULL,
  `listorder` smallint(5) unsigned NOT NULL DEFAULT '0',
  `siteid` smallint(5) unsigned NOT NULL DEFAULT '0',
  `thumb` varchar(200) NOT NULL DEFAULT '',
  `typeid` smallint(5) NOT NULL DEFAULT '0'
) ENGINE=InnoDB  DEFAULT CHARSET=utf8 AUTO_INCREMENT=16 ;

--
-- 转存表中的数据 `xy_position`
--

INSERT INTO `xy_position` (`id`, `modelid`, `catid`, `name`, `maxnum`, `extention`, `listorder`, `siteid`, `thumb`, `typeid`) VALUES
(4, -1, -1, '楼盘首页推荐', 20, NULL, 0, 0, '', 1),
(13, 16, 0, '推荐位演示', 20, NULL, 0, 1, '', 0),
(14, 36, 21, '423', 20, NULL, 0, 2, '', 0),
(15, 36, 21, '搞笑', 20, NULL, 0, 2, '', 0);

-- --------------------------------------------------------

--
-- 表的结构 `xy_position_data`
--

CREATE TABLE IF NOT EXISTS `xy_position_data` (
`id` int(8) unsigned NOT NULL,
  `catid` smallint(5) unsigned NOT NULL DEFAULT '0',
  `posid` smallint(5) unsigned NOT NULL DEFAULT '0',
  `module` char(20) DEFAULT NULL,
  `modelid` smallint(6) unsigned DEFAULT '0',
  `thumb` varchar(255) NOT NULL DEFAULT '',
  `data` mediumtext,
  `siteid` smallint(5) unsigned NOT NULL DEFAULT '1',
  `listorder` int(8) DEFAULT '0',
  `expiration` int(10) NOT NULL DEFAULT '0',
  `synedit` tinyint(1) NOT NULL DEFAULT '1',
  `type` char(10) NOT NULL DEFAULT ''
) ENGINE=InnoDB  DEFAULT CHARSET=utf8 AUTO_INCREMENT=4 ;

--
-- 表的结构 `xy_role`
--

CREATE TABLE IF NOT EXISTS `xy_role` (
`id` smallint(6) unsigned NOT NULL,
  `name` varchar(20) NOT NULL,
  `pid` smallint(6) DEFAULT NULL,
  `status` tinyint(1) unsigned DEFAULT NULL,
  `remark` varchar(255) DEFAULT NULL
) ENGINE=InnoDB  DEFAULT CHARSET=utf8 AUTO_INCREMENT=3 ;

--
-- 转存表中的数据 `xy_role`
--

INSERT INTO `xy_role` (`id`, `name`, `pid`, `status`, `remark`) VALUES
(1, '超级管理员', NULL, 1, '超级管理员'),
(2, '管理员', NULL, 1, '管理员');

-- --------------------------------------------------------

--
-- 表的结构 `xy_role_user`
--

CREATE TABLE IF NOT EXISTS `xy_role_user` (
  `role_id` mediumint(9) unsigned DEFAULT NULL,
  `user_id` char(32) DEFAULT NULL
) ENGINE=InnoDB DEFAULT CHARSET=utf8;

--
-- 转存表中的数据 `xy_role_user`
--

INSERT INTO `xy_role_user` (`role_id`, `user_id`) VALUES
(1, '1'),
(2, '2'),
(2, '37'),
(2, '39'),
(2, '42'),
(2, '43'),
(2, '44'),
(2, '45'),
(2, '46'),
(2, '47'),
(2, '48'),
(2, '49'),
(2, '50'),
(2, '48'),
(19, '49');

-- --------------------------------------------------------

--
-- 表的结构 `xy_session`
--

CREATE TABLE IF NOT EXISTS `xy_session` (
  `session_id` varchar(255) NOT NULL,
  `session_expire` int(11) NOT NULL,
  `session_data` blob
) ENGINE=InnoDB DEFAULT CHARSET=utf8;

--
-- 表的结构 `xy_site`
--

CREATE TABLE IF NOT EXISTS `xy_site` (
`id` smallint(5) unsigned NOT NULL,
  `name` char(30) DEFAULT '',
  `dirname` char(255) DEFAULT '',
  `domain` char(255) DEFAULT '',
  `site_title` char(255) DEFAULT '',
  `keywords` char(255) DEFAULT '',
  `description` char(255) DEFAULT '',
  `release_point` text,
  `default_style` char(50) DEFAULT NULL,
  `template` text,
  `setting` mediumtext,
  `uuid` char(40) DEFAULT ''
) ENGINE=InnoDB  DEFAULT CHARSET=utf8 AUTO_INCREMENT=3 ;

--
-- 转存表中的数据 `xy_site`
--

INSERT INTO `xy_site` (`id`, `name`, `dirname`, `domain`, `site_title`, `keywords`, `description`, `release_point`, `default_style`, `template`, `setting`, `uuid`) VALUES
(1, '红海螺', 'www', 'http://www.hhailuo.com', 'XiaoYaoCMS', 'XiaoYaoCMS 房地产CMS 微信公众平台', 'XiaoYaoCMS 房产门户系统，集成微信公众平台', '', 'default', 'Admin', 'array (\n  ''upload_maxsize'' => ''1024'',\n  ''upload_allowext'' => ''jpg|jpeg|gif|bmp|png|doc|docx|xls|xlsx|ppt|pptx|pdf|txt|rar|zip|swf'',\n  ''watermark_enable'' => ''0'',\n  ''watermark_minwidth'' => ''300'',\n  ''watermark_minheight'' => ''300'',\n  ''watermark_img'' => ''/mark.png'',\n  ''watermark_pct'' => ''85'',\n  ''watermark_quality'' => ''80'',\n)', '3d3fd04a-6433-11e1-b487-1c750850a1c3'),
(2, '红海螺-房产', 'house', 'http://www.house.hhailuo.com', '红海螺-房产', '', '', NULL, NULL, NULL, 'array (\n  ''upload_maxsize'' => ''2048'',\n  ''upload_allowext'' => ''jpg|jpeg|gif|bmp|png|doc|docx|xls|xlsx|ppt|pptx|pdf|txt|rar|zip|swf'',\n  ''watermark_enable'' => ''0'',\n  ''watermark_minwidth'' => ''300'',\n  ''watermark_minheight'' => ''300'',\n  ''watermark_img'' => ''mark.gif'',\n  ''watermark_pct'' => ''100'',\n  ''watermark_quality'' => ''80'',\n)', '');

-- --------------------------------------------------------

--
-- 表的结构 `xy_user`
--

CREATE TABLE IF NOT EXISTS `xy_user` (
`id` smallint(5) unsigned NOT NULL,
  `account` varchar(64) NOT NULL DEFAULT '',
  `password` char(32) NOT NULL DEFAULT '',
  `realname` varchar(255) NOT NULL DEFAULT '',
  `email` varchar(255) NOT NULL DEFAULT '',
  `last_login_time` int(11) unsigned DEFAULT '0',
  `last_login_ip` varchar(40) DEFAULT NULL,
  `status` tinyint(1) DEFAULT '0',
  `role_id` tinyint(2) unsigned DEFAULT '0'
) ENGINE=InnoDB  DEFAULT CHARSET=utf8 AUTO_INCREMENT=50 ;

--
-- 转存表中的数据 `xy_user`
--

INSERT INTO `xy_user` (`id`, `account`, `password`, `realname`, `email`, `last_login_time`, `last_login_ip`, `status`, `role_id`) VALUES
(1, 'admin', '21232f297a57a5a743894a0e4a801fc3', '', '', 1447927292, NULL, 1, 1),
(45, 'tp-admin', 'b990e224fe46ed9cf0a8cd8c49d59629', '', '', 1448376855, NULL, 1, 2);

--
-- Indexes for dumped tables
--

--
-- Indexes for table `xy_access`
--
ALTER TABLE `xy_access`
 ADD PRIMARY KEY (`role_id`,`node_id`,`siteid`), ADD KEY `groupId` (`role_id`), ADD KEY `nodeId` (`node_id`);

--
-- Indexes for table `xy_attachment`
--
ALTER TABLE `xy_attachment`
 ADD PRIMARY KEY (`id`);

--
-- Indexes for table `xy_category`
--
ALTER TABLE `xy_category`
 ADD PRIMARY KEY (`id`), ADD KEY `parentid` (`parentid`), ADD KEY `listorder` (`listorder`);

--
-- Indexes for table `xy_content`
--
ALTER TABLE `xy_content`
 ADD PRIMARY KEY (`id`), ADD KEY `status` (`status`,`listorder`,`id`), ADD KEY `listorder` (`catid`,`status`,`listorder`,`id`), ADD KEY `catid` (`catid`,`status`,`id`);

--
-- Indexes for table `xy_content_data`
--
ALTER TABLE `xy_content_data`
 ADD KEY `id` (`id`);

--
-- Indexes for table `xy_linkage`
--
ALTER TABLE `xy_linkage`
 ADD PRIMARY KEY (`id`,`keyid`), ADD KEY `parentid` (`parentid`,`listorder`);

--
-- Indexes for table `xy_log`
--
ALTER TABLE `xy_log`
 ADD PRIMARY KEY (`id`);

--
-- Indexes for table `xy_model`
--
ALTER TABLE `xy_model`
 ADD PRIMARY KEY (`id`);

--
-- Indexes for table `xy_model_common`
--
ALTER TABLE `xy_model_common`
 ADD PRIMARY KEY (`id`), ADD KEY `listorder` (`listorder`);

--
-- Indexes for table `xy_model_field`
--
ALTER TABLE `xy_model_field`
 ADD PRIMARY KEY (`fieldid`), ADD KEY `modelid` (`modelid`,`disabled`), ADD KEY `field` (`field`,`modelid`);

--
-- Indexes for table `xy_model_type`
--
ALTER TABLE `xy_model_type`
 ADD PRIMARY KEY (`id`);

--
-- Indexes for table `xy_news`
--
ALTER TABLE `xy_news`
 ADD PRIMARY KEY (`id`), ADD KEY `status` (`status`,`listorder`,`id`), ADD KEY `listorder` (`catid`,`status`,`listorder`,`id`), ADD KEY `catid` (`catid`,`status`,`id`);

--
-- Indexes for table `xy_news_data`
--
ALTER TABLE `xy_news_data`
 ADD PRIMARY KEY (`id`), ADD KEY `id` (`id`);

--
-- Indexes for table `xy_node`
--
ALTER TABLE `xy_node`
 ADD PRIMARY KEY (`id`);

--
-- Indexes for table `xy_position`
--
ALTER TABLE `xy_position`
 ADD PRIMARY KEY (`id`);

--
-- Indexes for table `xy_position_data`
--
ALTER TABLE `xy_position_data`
 ADD PRIMARY KEY (`id`,`posid`), ADD KEY `posid` (`posid`), ADD KEY `listorder` (`listorder`);

--
-- Indexes for table `xy_role`
--
ALTER TABLE `xy_role`
 ADD PRIMARY KEY (`id`), ADD KEY `pid` (`pid`), ADD KEY `status` (`status`);

--
-- Indexes for table `xy_role_user`
--
ALTER TABLE `xy_role_user`
 ADD KEY `group_id` (`role_id`), ADD KEY `user_id` (`user_id`);

--
-- Indexes for table `xy_session`
--
ALTER TABLE `xy_session`
 ADD UNIQUE KEY `session_id` (`session_id`);

--
-- Indexes for table `xy_site`
--
ALTER TABLE `xy_site`
 ADD PRIMARY KEY (`id`);

--
-- Indexes for table `xy_user`
--
ALTER TABLE `xy_user`
 ADD PRIMARY KEY (`id`), ADD UNIQUE KEY `account` (`account`);

--
-- AUTO_INCREMENT for dumped tables
--

--
-- AUTO_INCREMENT for table `xy_attachment`
--
ALTER TABLE `xy_attachment`
MODIFY `id` int(11) NOT NULL AUTO_INCREMENT,AUTO_INCREMENT=1417594562;
--
-- AUTO_INCREMENT for table `xy_category`
--
ALTER TABLE `xy_category`
MODIFY `id` smallint(5) unsigned NOT NULL AUTO_INCREMENT,AUTO_INCREMENT=23;
--
-- AUTO_INCREMENT for table `xy_content`
--
ALTER TABLE `xy_content`
MODIFY `id` mediumint(8) unsigned NOT NULL AUTO_INCREMENT;
--
-- AUTO_INCREMENT for table `xy_linkage`
--
ALTER TABLE `xy_linkage`
MODIFY `id` smallint(5) unsigned NOT NULL AUTO_INCREMENT,AUTO_INCREMENT=3796;
--
-- AUTO_INCREMENT for table `xy_log`
--
ALTER TABLE `xy_log`
MODIFY `id` int(11) NOT NULL AUTO_INCREMENT,AUTO_INCREMENT=158557;
--
-- AUTO_INCREMENT for table `xy_model`
--
ALTER TABLE `xy_model`
MODIFY `id` tinyint(3) unsigned NOT NULL AUTO_INCREMENT,AUTO_INCREMENT=38;
--
-- AUTO_INCREMENT for table `xy_model_common`
--
ALTER TABLE `xy_model_common`
MODIFY `id` mediumint(8) NOT NULL AUTO_INCREMENT,AUTO_INCREMENT=6;
--
-- AUTO_INCREMENT for table `xy_model_field`
--
ALTER TABLE `xy_model_field`
MODIFY `fieldid` mediumint(8) unsigned NOT NULL AUTO_INCREMENT,AUTO_INCREMENT=441;
--
-- AUTO_INCREMENT for table `xy_model_type`
--
ALTER TABLE `xy_model_type`
MODIFY `id` smallint(5) NOT NULL AUTO_INCREMENT,AUTO_INCREMENT=4;
--
-- AUTO_INCREMENT for table `xy_news`
--
ALTER TABLE `xy_news`
MODIFY `id` mediumint(8) unsigned NOT NULL AUTO_INCREMENT,AUTO_INCREMENT=7;
--
-- AUTO_INCREMENT for table `xy_news_data`
--
ALTER TABLE `xy_news_data`
MODIFY `id` mediumint(8) unsigned NOT NULL AUTO_INCREMENT,AUTO_INCREMENT=7;
--
-- AUTO_INCREMENT for table `xy_node`
--
ALTER TABLE `xy_node`
MODIFY `id` smallint(6) unsigned NOT NULL AUTO_INCREMENT,AUTO_INCREMENT=315;
--
-- AUTO_INCREMENT for table `xy_position`
--
ALTER TABLE `xy_position`
MODIFY `id` smallint(5) unsigned NOT NULL AUTO_INCREMENT,AUTO_INCREMENT=16;
--
-- AUTO_INCREMENT for table `xy_position_data`
--
ALTER TABLE `xy_position_data`
MODIFY `id` int(8) unsigned NOT NULL AUTO_INCREMENT,AUTO_INCREMENT=4;
--
-- AUTO_INCREMENT for table `xy_role`
--
ALTER TABLE `xy_role`
MODIFY `id` smallint(6) unsigned NOT NULL AUTO_INCREMENT,AUTO_INCREMENT=3;
--
-- AUTO_INCREMENT for table `xy_site`
--
ALTER TABLE `xy_site`
MODIFY `id` smallint(5) unsigned NOT NULL AUTO_INCREMENT,AUTO_INCREMENT=3;
--
-- AUTO_INCREMENT for table `xy_user`
--
ALTER TABLE `xy_user`
MODIFY `id` smallint(5) unsigned NOT NULL AUTO_INCREMENT,AUTO_INCREMENT=50;
/*!40101 SET CHARACTER_SET_CLIENT=@OLD_CHARACTER_SET_CLIENT */;
/*!40101 SET CHARACTER_SET_RESULTS=@OLD_CHARACTER_SET_RESULTS */;
/*!40101 SET COLLATION_CONNECTION=@OLD_COLLATION_CONNECTION */;
